:020000040800F2
:1000000000000220C117000815140008171400088A
:10001000191400081B1400081D140008000000003B
:10002000000000000000000000000000C1390008CE
:100030001F14000800000000613A0008C53A0008DB
:1000400011180008111800081118000811180008EC
:1000500011180008111800081118000811180008DC
:1000600011180008111800081118000811180008CC
:1000700011180008111800081118000811180008BC
:1000800011180008111800081118000811180008AC
:100090002114000811180008111800081118000890
:1000A000111800081118000811180008111800088C
:1000B000111800081118000811180008111800087C
:1000C000111800081118000811180008111800086C
:1000D0001118000831140008111800081118000840
:1000E000111800081118000811180008111800084C
:1000F000111800081118000811180008111800083C
:10010000111800081118000811180008111800082B
:1001100011180008111800081118000841140008EF
:1001200011180008511400081118000811180008CF
:1001300011180008111800081118000811180008FB
:10014000611400081118000811180008111800089F
:100150001118000871140008811400089114000897
:1001600011180008111800081118000811180008CB
:1001700011180008111800081118000800000000EC
:08018000111800081118000815
:1001C00081F0004102E000BF83F0004330B54FEA08
:1001D00041044FEA430594EA050F08BF90EA020F75
:1001E0001FBF54EA000C55EA020C7FEA645C7FEA08
:1001F000655C00F0E2804FEA5454D4EB5555B8BF2B
:100200006D420CDD2C4480EA020281EA030382EA9B
:10021000000083EA010180EA020281EA0303362D2D
:1002200088BF30BD11F0004F4FEA01314FF4801C00
:100230004CEA113102D0404261EB410113F0004F12
:100240004FEA03334CEA133302D0524263EB4303C9
:1002500094EA050F00F0A780A4F10104D5F1200E67
:100260000DDB02FA0EFC22FA05F2801841F10001C2
:1002700003FA0EF2801843FA05F359410EE0A5F196
:1002800020050EF1200E012A03FA0EFC28BF4CF0C7
:10029000020C43FA05F3C01851EBE37101F000457D
:1002A00007D54FF0000EDCF1000C7EEB00006EEB8A
:1002B0000101B1F5801F1BD3B1F5001F0CD3490814
:1002C0005FEA30004FEA3C0C04F101044FEA44526B
:1002D00012F5800F80F09A80BCF1004F08BF5FEAF2
:1002E000500C50F1000041EB045141EA050130BDD2
:1002F0005FEA4C0C404141EB0101013C28BFB1F5E4
:10030000801FE9D291F0000F04BF01460020B1FA2E
:1003100081F308BF2033A3F10B03B3F120020CDA01
:100320000C3208DD02F1140CC2F10C0201FA0CF0DF
:1003300021FA02F10CE002F11402D8BFC2F1200C44
:1003400001FA02F120FA0CFCDCBF41EA0C019040FA
:10035000E41AA2BF01EB0451294330BD6FEA040443
:100360001F3C1CDA0C340EDC04F11404C4F120022E
:1003700020FA04F001FA02F340EA030021FA04F340
:1003800045EA030130BDC4F10C04C4F1200220FA97
:1003900002F001FA04F340EA0300294630BD21FAD5
:1003A00004F0294630BD94F0000F83F4801306BF9B
:1003B00081F480110134013D4EE77FEA645C18BF8F
:1003C0007FEA655C29D094EA050F08BF90EA020F26
:1003D00005D054EA000C04BF1946104630BD91EA1E
:1003E000030F1EBF0021002030BD5FEA545C05D121
:1003F0004000494128BF41F0004130BD14F5800460
:100400003CBF01F5801130BD01F0004545F0FE41D3
:1004100041F470014FF0000030BD7FEA645C1ABF08
:10042000194610467FEA655C1CBF0B46024650EA3F
:10043000013406BF52EA033591EA030F41F400216B
:1004400030BD00BF90F0000F04BF0021704730B5F1
:100450004FF4806404F132044FF000054FF00001C6
:1004600050E700BF90F0000F04BF0021704730B587
:100470004FF4806404F1320410F0004548BF40425C
:100480004FF000013EE700BF42004FEAE2014FEAB1
:1004900031014FEA02701FBF12F07F4393F07F4F8C
:1004A00081F06051704732F07F4208BF704793F08F
:1004B0007F4F04BF41F40021704730B54FF46074A2
:1004C00001F0004521F000411CE700BF50EA0102A5
:1004D00008BF704730B54FF000050AE050EA01024E
:1004E00008BF704730B511F0004502D5404261EBBE
:1004F00041014FF4806404F132045FEA915C3FF4FF
:10050000D8AE4FF003025FEADC0C18BF03325FEA9B
:10051000DC0C18BF033202EBDC02C2F1200300FA4C
:1005200003FC20FA02F001FA03FE40EA0E0021FA71
:1005300002F11444BDE600BF53B94AB9002908BF0F
:1005400000281CBF4FF0FF314FF0FF3000F00CB817
:10055000ADF1080C6DE904CE04F0C4FBDDF804E055
:10056000DDE9022304B07047704700BF844641EACA
:10057000000313F003036DD1403A41D351F8043B1B
:1005800040F8043B51F8043B40F8043B51F8043B6D
:1005900040F8043B51F8043B40F8043B51F8043B5D
:1005A00040F8043B51F8043B40F8043B51F8043B4D
:1005B00040F8043B51F8043B40F8043B51F8043B3D
:1005C00040F8043B51F8043B40F8043B51F8043B2D
:1005D00040F8043B51F8043B40F8043B51F8043B1D
:1005E00040F8043B51F8043B40F8043B51F8043B0D
:1005F00040F8043B51F8043B40F8043B403ABDD27C
:10060000303211D351F8043B40F8043B51F8043B1D
:1006100040F8043B51F8043B40F8043B51F8043BDC
:1006200040F8043B103AEDD20C3205D351F8043BAC
:1006300040F8043B043AF9D2043208D0D2071CBF78
:1006400011F8013B00F8013B01D30B8803806046A1
:10065000704700BF082A13D38B078DD010F0030317
:100660008AD0C3F10403D21ADB071CBF11F8013B87
:1006700000F8013B80D331F8023B20F8023B7BE7D6
:10068000043AD9D3013A11F8013B00F8013BF9D201
:100690000B7803704B7843708B788370604670479B
:1006A00001F0FF01102A2BDB10F0070F08D010F823
:1006B000013B013A8B422DD010F0070F42B3F6D127
:1006C000F0B441EA012141EA014122F007047FF040
:1006D00000070023F0E80256083C85EA010586EA97
:1006E000010685FA47F5A3FA87F586FA47F6A5FAD3
:1006F00087F68EB9EED1F0BC01F0FF0102F00702DF
:1007000032B110F8013B013A83EA010313B1F8D189
:100710000020704701387047002D06BF354603386A
:10072000073815F0010F07D1013015F4807F02BFA3
:10073000013015F4C03F0130F0BC0138704700BFF4
:1007400030B490F800F020F007016FF0000C10F0CA
:10075000070491F820F040F048804FF000046FF05B
:100760000700D1E9002391F840F000F1080082FA77
:100770004CF2A4FA8CF283FA4CF3A2FA8CF34BBB42
:10078000D1E9022382FA4CF200F10800A4FA8CF2BB
:1007900083FA4CF3A2FA8CF3E3B9D1E9042382FA89
:1007A0004CF200F10800A4FA8CF283FA4CF3A2FA9E
:1007B0008CF37BB9D1E9062301F1200182FA4CF2D6
:1007C00000F10800A4FA8CF283FA4CF3A2FA8CF33D
:1007D000002BC6D0002A04BF04301A4612BAB2FA5F
:1007E00082F200EBD20030BC7047D1E9002304F064
:1007F0000305C4F100004FEAC50514F0040F91F899
:1008000040F00CFA05F562EA05021CBF63EA050335
:1008100062464FF00004AAE770B54FF0FF0C4CF4AD
:10082000E06C1CEA11541DBF1CEA135594EA0C0F2E
:1008300095EA0C0F00F0DEF82C4481EA030621EA69
:100840004C5123EA4C5350EA013518BF52EA0335A4
:1008500041F4801143F4801338D0A0FB02CE4FF056
:100860000005E1FB02E506F00042E0FB03E54FF086
:100870000006E1FB03569CF0000F18BF4EF0010E7E
:10088000A4F1FF04B6F5007F64F5407404D25FEA7A
:100890004E0E6D4146EB060642EAC62141EA55512D
:1008A0004FEAC52040EA5E504FEACE2EB4F1FD0C6F
:1008B00088BFBCF5E06F1ED8BEF1004F08BF5FEAED
:1008C000500E50F1000041EB045170BD06F000469F
:1008D00046EA010140EA020081EA0301B4EB5C044C
:1008E000C2BFD4EB0C0541EA045170BD41F4801144
:1008F0004FF0000E013C00F3AB8014F1360FDEBF69
:10090000002001F0004170BDC4F10004203C35DA44
:100910000C341BDC04F11404C4F1200500FA05F3C7
:1009200020FA04F001FA05F240EA020001F0004268
:1009300021F0004110EBD37021FA04F642EB0601DE
:100940005EEA430E08BF20EAD37070BDC4F10C0408
:10095000C4F1200500FA04F320FA05F001FA04F2CC
:1009600040EA020001F0004110EBD37041F10001B8
:100970005EEA430E08BF20EAD37070BDC4F12005C3
:1009800000FA05F24EEA020E20FA04F301FA05F22B
:1009900043EA020321FA04F001F0004121FA04F2D3
:1009A00020EA020000EBD3705EEA430E08BF20EAA3
:1009B000D37070BD94F0000F0FD101F000464000DD
:1009C00041EB010111F4801F08BF013CF7D041EA5F
:1009D000060195F0000F18BF704703F00046520063
:1009E00043EB030313F4801F08BF013DF7D043EA34
:1009F0000603704794EA0C0F0CEA135518BF95EAEA
:100A00000C0F0CD050EA410618BF52EA4306D1D170
:100A100081EA030101F000414FF0000070BD50EA8F
:100A2000410606BF1046194652EA430619D094EA19
:100A30000C0F02D150EA013613D195EA0C0F05D103
:100A400052EA03361CBF104619460AD181EA030157
:100A500001F0004141F0FE4141F470014FF000000F
:100A600070BD41F0FE4141F4780170BD70B54FF0AA
:100A7000FF0C4CF4E06C1CEA11541DBF1CEA13552A
:100A800094EA0C0F95EA0C0F00F0A7F8A4EB05040C
:100A900081EA030E52EA03354FEA013100F0888003
:100AA0004FEA03334FF0805545EA131343EA1263CC
:100AB0004FEA022245EA111545EA10654FEA002681
:100AC0000EF000419D4208BF964244F1FD0404F53A
:100AD000407402D25B084FEA3202B61A65EB030596
:100AE0005B084FEA32024FF480104FF4002CB6EB53
:100AF000020E75EB030E22BFB61A754640EA0C00D3
:100B00005B084FEA3202B6EB020E75EB030E22BF12
:100B1000B61A754640EA5C005B084FEA3202B6EB53
:100B2000020E75EB030E22BFB61A754640EA9C0012
:100B30005B084FEA3202B6EB020E75EB030E22BFE2
:100B4000B61A754640EADC0055EA060E18D04FEAA0
:100B5000051545EA16754FEA06164FEAC30343EA40
:100B600052734FEAC2025FEA1C1CC0D111F4801F0D
:100B70000BD141EA00014FF000004FF0004CB6E706
:100B800011F4801F04BF01430020B4F1FD0C88BFA5
:100B9000BCF5E06F3FF6AFAEB5EB030C04BFB6EBB0
:100BA000020C5FEA500C50F1000041EB045170BDA3
:100BB0000EF0004E4EEA113114EB5C04C2BFD4EBD0
:100BC0000C0541EA045170BD41F480114FF0000E54
:100BD000013C90E645EA060E8DE60CEA135594EAD0
:100BE0000C0F08BF95EA0C0F3FF43BAF94EA0C0FD3
:100BF0000AD150EA01347FF434AF95EA0C0F7FF448
:100C000025AF104619462CE795EA0C0F06D152EA9B
:100C100003353FF4FDAE1046194622E750EA41067F
:100C200018BF52EA43067FF4C5AE50EA41047FF490
:100C30000DAF52EA43057FF4EBAE12E74FF0FF3CF5
:100C400006E000BF4FF0010C02E000BF4FF0010CC6
:100C50004DF804CD4FEA410C7FEA6C5C4FEA430C3F
:100C600018BF7FEA6C5C1BD001B050EA410C0CBF8E
:100C700052EA430C91EA030F02BF90EA020F0020F0
:100C8000704710F1000F91EA030F58BF994208BF57
:100C900090422CBFD8176FEAE37040F00100704714
:100CA0004FEA410C7FEA6C5C02D150EA013C07D16B
:100CB0004FEA430C7FEA6C5CD6D152EA033CD3D0B6
:100CC0005DF8040B704700BF8446104662468C46B0
:100CD0001946634600E000BF01B5FFF7B7FF0028E3
:100CE00048BF10F1000F01BD4DF808EDFFF7F4FF0C
:100CF0000CBF012000205DF808FB00BF4DF808ED97
:100D0000FFF7EAFF34BF012000205DF808FB00BFB9
:100D10004DF808EDFFF7E0FF94BF012000205DF8DB
:100D200008FB00BF4DF808EDFFF7CEFF94BF012090
:100D300000205DF808FB00BF4DF808EDFFF7C4FF89
:100D400034BF012000205DF808FB00BF4FEA410CD2
:100D50007FEA6C5C02D150EA013C0AD14FEA430CB5
:100D60007FEA6C5C02D152EA033C02D14FF00000F2
:100D700070474FF0010070474FEA410212F5001230
:100D800015D211D56FF47873B3EB625212D94FEAD2
:100D9000C12343F0004343EA505311F0004F23FABC
:100DA00002F018BF404270474FF00000704750EA11
:100DB000013005D111F0004008BF6FF000407047CE
:100DC0004FF00000704700BF0348044B834202D03D
:100DD000034B03B118477047E4060020E4060020E7
:100DE000000000000548064B1B1AD90F01EBA301B8
:100DF000491002D0034B03B118477047E4060020A6
:100E0000E40600200000000010B5064C237843B92A
:100E1000FFF7DAFF044B13B10448AFF3008001235E
:100E2000237010BDE806002000000000D0AF0008CD
:100E300008B5054B1BB105490548AFF30080BDE877
:100E40000840FFF7CFBF00BF00000000EC06002005
:100E5000D0AF000808B50D480D4B03600323436075
:100E600000238360C3604FF4102202614FF400122C
:100E70004261037643768376C3760377437700F047
:100E8000F5FC00B908BD00F0A7F9FBE7300700202A
:100E90000064004008B50D480D4B03600323436018
:100EA00000238360C3604FF4102202614FF40012EC
:100EB0004261037643768376C3760377437700F007
:100EC000D5FC00B908BD00F087F9FBE70807002052
:100ED0000068004010B58AB000230593069307937D
:100EE0000893099303683D4A934204D03C4A9342D5
:100EF00034D00AB010BD3B4A136801331360012B94
:100F00001FD000240194384B1A6B42F008021A6378
:100F10001B6B03F008030193019B0323059302223B
:100F2000069208930923099305A9304801F0FEFAB7
:100F300022460521142001F0CDF8142001F0DAF842
:100F4000D7E700230093284B1A6C42F000721A6412
:100F50001B6C03F000730093009BD2E70023029305
:100F6000214B1A6C42F080621A641B6C03F08063A0
:100F70000293029B1B4A136801331360012B20D09C
:100F800000240494184B1A6B42F002021A631B6B84
:100F900003F002030493049B60230593022306934A
:100FA000032308930923099305A9114801F0BEFA08
:100FB00022460521402001F08DF8402001F09AF8EA
:100FC00097E700230393084B1A6C42F000721A64EF
:100FD0001B6C03F000730393039BD1E70064004094
:100FE000006800400407002000380240000C024066
:100FF0000004024010B582B000240194114B1A6B1A
:1010000042F480021A631B6B03F480030193019B7B
:1010100022460521392001F05DF8392001F06AF8F7
:1010200022460521452001F055F8452001F062F8DF
:1010300022460521462001F04DF8462001F05AF8DD
:1010400002B010BD0038024008B5012002F018FCC3
:10105000FBE70000034B0360034B0B60802313602E
:10106000704700BF580900205807002010B59CB0F9
:10107000244C0DF1540CA646BEE80F00ACE80F005E
:101080009EE807008CE80700002115A802F0C5FBC8
:101090001D4B18600DF1380C04F11C0EBEE80F005A
:1010A000ACE80F009EE807008CE8070000210EA8BE
:1010B00002F0B3FB154B18600DF11C0C04F1380E57
:1010C000BEE80F00ACE80F009EE807008CE80700C0
:1010D000002107A802F0A1FB0D4B1860EE4604F1B9
:1010E000540CBCE80F00AEE80F009CE807008EE847
:1010F00007000021684602F090FB064B18601CB008
:1011000010BD00BFE8AF0008FC0A0020F80A00206C
:10111000F40A0020F00A002030B58BB000240594BA
:1011200006940794089409940094234B1A6B42F098
:1011300002021A631A6B02F002020092009A0194F2
:101140001A6B42F040021A631A6B02F040020192DD
:10115000019A02941A6B42F001021A631A6B02F0B0
:1011600001020292029A03941A6B42F008021A6377
:101170001A6B02F008020392039A04941A6B42F06D
:1011800080021A631B6B03F080030493049B0B4DD6
:1011900022464FF4E051284601F0BEFA4FF4E053E6
:1011A0000593012306930794089405A9284601F0A6
:1011B000BDF90BB030BD00BF00380240001C02403A
:1011C00008B50268034B9A4200D008BD00F03CFB12
:1011D000FBE700BF0014004072B6FEE700B595B013
:1011E0003022002108A804F02FF800230393049371
:1011F0000593069307930193204A116C41F08051A7
:101200001164126C02F080520192019A02931C4BFD
:101210001A6842F480421A601B6803F48043029308
:10122000029B012308934FF48033099302230E930A
:101230004FF480020F9206221092A822119212936C
:101240000423139308A801F077FA98B90F230393A6
:1012500002230493002305934FF4A05306934FF405
:1012600080530793052103A801F0B6FC20B915B0FF
:101270005DF804FBFFF7B0FFFFF7AEFF0038024058
:101280000070004008B500F0C5FAFFF7A7FFFFF7B0
:1012900043FFFFF7AFFE00F06BF9FFF7DBFDFFF751
:1012A000F9FD00F07FF91F4C4FF4C0720021204679
:1012B00003F0CAFF01222270022384F83030032099
:1012C00084F86000042184F8901084F8C02084F829
:1012D000F03084F8200184F85011627084F83120D5
:1012E00084F8612084F8912084F8C13084F8F130CA
:1012F00084F8213184F851310B4B23612364236737
:10130000C4F8A030C4F8D030C4F80031C4F830318B
:10131000C4F8603103F0CEFAFFF7A8FE02F078FAC5
:10132000FEE700BF544A0020CDCCCC3D00B583B0D1
:10133000002200920D4B596C41F480415964596C64
:1013400001F48041009100990192196C41F08051A3
:1013500019641B6C03F080530193019B0F216FF004
:10136000010000F0B7FE03B05DF804FB0038024056
:1013700030B589B0044600230193214B1A6C42F02A
:1013800020021A641B6C03F020030193019B02A945
:1013900003A801F0F7FC069BCBB901F0D3FC034690
:1013A000184AA2FB03239B0C013B1748174A026013
:1013B00040F2E732C26043600023036183608361CF
:1013C00001F064FE054630B1284609B030BD01F099
:1013D000B9FC4300E4E70C4801F0F4FC05460028A2
:1013E000F2D1372000F086FE0F2C01D90125EBE762
:1013F00000222146372000F06DFE054B1C60E3E71C
:101400000038024083DE1B43000B00200014004024
:1014100008000020FEE7FEE7FEE7FEE7FEE7704774
:1014200008B5024800F0DAFC08BD00BF3007002014
:1014300008B5024802F0A4F808BD00BFB40C0020B3
:1014400008B5024801F006FD08BD00BF000B0020F2
:1014500008B5024800F07CFF08BD00BFAC0B0020BF
:1014600008B5024800F0BAFC08BD00BF080700201C
:1014700008B5024800F06CFF08BD00BF4C0B00200F
:1014800008B5024800F064FF08BD00BF0C0C002046
:1014900008B5024802F074F808BD00BF6C0C0020CB
:1014A0000120704708B503F0ABFF162303604FF02F
:1014B000FF3008BD08B54FF0FF31FFF7F3FFFEE73F
:1014C00070B50C461646002506E0AFF300802146B5
:1014D00001F8010B01350C46B542F6DB304670BD14
:1014E00070B50C461646002504E014F8010BAFF366
:1014F00000800135B542F8DB304670BD4FF0FF305B
:1015000070474FF400534B60002070470120704734
:101510000020704710B503460C4A0D490D4800687D
:1015200040B10C4800680344521A934206D8094A55
:10153000136010BD0748084C0460F2E703F060FF39
:101540000C2303604FF0FF30F3E700BF00000220E0
:1015500000040000480B0020F04F0020034AD2F89E
:10156000883043F47003C2F88830704700ED00E023
:1015700008B50A480A4B03604FF4E1334360002387
:101580008360C36003610C2242618361C36101F027
:10159000D4FE00B908BDFFF71FFEFBE7B40C002026
:1015A0000010014008B50A480A4B03604FF4E133CC
:1015B000436000238360C36003610C224261836146
:1015C000C36101F0BAFE00B908BDFFF705FEFBE7F5
:1015D0006C0C0020001401402DE9F0418AB0044653
:1015E0000023059306930793089309930368684AB9
:1015F000934205D0674A934261D00AB0BDE8F081BA
:1016000000250095644B5A6C42F010025A645A6CE3
:1016100002F010020092009A01951A6B42F0020249
:101620001A631A6B02F002020192019A02951A6B78
:1016300042F001021A631B6B03F001030293029B49
:10164000802305934FF00208CDF8188003270897F0
:101650000726099605A9514800F068FF4FF400736A
:101660000593CDF8188007950897099605A94C4869
:1016700000F05CFF4B484C4B03604FF0006343604D
:1016800040238360C5604FF48063036145618561D9
:10169000C5614FF480330362456200F095FD58B98F
:1016A000404BA3639C6300220521252000F012FD1E
:1016B000252000F01FFDA0E7FFF78EFDF0E70025D5
:1016C0000395354B5A6C42F020025A645A6C02F072
:1016D00020020392039A04951A6B42F040021A63A7
:1016E0001B6B03F040030493049B4FF48443059366
:1016F00002230693032308930823099305A92B4883
:1017000000F014FF2A482B4B03604FF02063436026
:101710008560C5604FF480630361456185614FF466
:101720008073C3614FF480330362456200F04CFD67
:1017300038BB1F4BE3639C631F48204B03604FF093
:1017400020634360402383600023C3604FF48062C2
:101750000261436183614FF48072C2614FF4803251
:101760000262436200F030FD70B9134BA3639C63C7
:1017700000220521472000F0ADFC472000F0BAFC14
:101780003BE7FFF729FDD4E7FFF726FDEDE700BFB4
:1017900000100140001401400038024000040240E3
:1017A000000002400C0C0020B86402400018024007
:1017B000AC0B0020286402404C0B0020A0640240C7
:1017C000DFF834D0FFF7CAFE0C480D490D4A00235C
:1017D00002E0D458C4500433C4188C42F9D30A4AE6
:1017E0000A4C002301E013600432A242FBD303F051
:1017F0000DFEFFF747FD70470000022000000020AB
:10180000E4060020B8B40008E8060020F04F0020ED
:10181000FEE7000008B50B4B1A6842F400721A602C
:101820001A6842F480621A601A6842F480721A6080
:10183000032000F03DFC0F20FFF79AFDFFF776FD37
:10184000002008BD003C0240034A1168034B1B788E
:101850000B441360704700BFFC0C00200400002004
:10186000014B1868704700BFFC0C0020002800F0F6
:10187000A18038B5044690F82030D3B122681368AF
:1018800043F001031360FFF7EBFF054623685A6836
:1018900012F0010F10D1FFF7E3FF401B0A28F5D922
:1018A000636A43F400336362052384F82030012027
:1018B00038BDFFF70FFBE1E71A6822F002021A6059
:1018C000FFF7CEFF054623685A6812F0020F0DD0CD
:1018D000FFF7C6FF401B0A28F5D9636A43F40033BB
:1018E0006362052384F820300120E1E7227E012A8B
:1018F0003DD01A6822F080021A60637E012B3BD033
:101900002268136823F040031360A37E012B39D0B3
:101910002268136823F020031360E37E012B37D085
:101920002268136843F010031360237F012B35D026
:101930002268136823F008031360637F012B33D000
:101940002268136823F004031360A368E26813435A
:1019500022691343626913436268013A21681343A1
:10196000CB6100206062012384F82030A0E71A6870
:1019700042F080021A60C0E72268136843F0400317
:101980001360C2E72268136843F020031360C4E7C2
:101990002268136823F010031360C6E722681368F7
:1019A00043F008031360C8E72268136843F0040398
:1019B0001360CAE70120704790F82030013BDBB28A
:1019C000012B05D9436A43F4802343620120704709
:1019D00030B5464BD3F8002242F00102C3F8002292
:1019E000D3F8002222F47C52C3F80022D3F800225C
:1019F000486A42EA0022C3F800224A6902F01F0244
:101A0000012000FA02F2D3F81C026FEA020C20EA6D
:101A10000200C3F81C02CB69C3B9344BD3F80C02E3
:101A20000CEA0000C3F80C028C884869CD6844EACF
:101A30000544483043F830408C68088840EA044048
:101A40004C6904F1480E03EBCE035860CB69012BBF
:101A50001ED08B69002B33D12448D0F804320CEA15
:101A60000303C0F804320B698BBB2048D0F8143252
:101A70000CEA0303C0F814320B6A012B2ED01B4A68
:101A8000D2F8003223F00103C2F80032002030BD4A
:101A9000164BD3F80C021043C3F80C028C8848692B
:101AA0000D6844EA0544483043F8304088894C6961
:101AB0008D6840EA0540483403EBC4035860C8E72A
:101AC0000A48D0F804321343C0F80432CBE7074881
:101AD000D0F814321343C0F81432CDE70349D1F8DB
:101AE0001C321343C1F81C32C9E700BF0064004038
:101AF00070B5044690F82050EDB2012D06D0436A2F
:101B000043F4002343620125284670BD022380F878
:101B100020300268136823F001031360FFF7A0FE72
:101B2000064623685B6813F0010F0CD0FFF798FEA0
:101B3000831B0A2BF5D9636A43F4003363620523E0
:101B400084F82030E0E700256562DDE730B590F8E5
:101B500020C00468A4680CF1FF3C5FFA8CFCBCF167
:101B6000010F62D814F0E05F59D0C4F3016C012476
:101B700004FA0CF41C608B68002B3DD10D68CB6817
:101B8000046843EA45550CF118031B01E55003684E
:101B90000C690CF1180E03EB0E135C600B7D012B2E
:101BA00035D0D17993791B0443EA0163517943EA33
:101BB000012314790168234301EB0C11C1F88C3126
:101BC000D17893781B0443EA0163517843EA0123F7
:101BD000117802680B4302EB0C12C2F888310268DC
:101BE0000CF1180C4FEA0C1C52F80C3043F00103B6
:101BF00042F80C3000201DE04C6843EAC403CC6876
:101C000023430CF11804240105682B51BFE7036836
:101C100003EB0E13596841F480715960C1E7436AC0
:101C200043F400134362012004E0436A43F4802339
:101C30004362012030BD90F820C00CF1FF3C5FFAF8
:101C40008CFCBCF1010F00F2A58030B451B90468DE
:101C5000E46814F0030F10D1436A43F400134362A5
:101C600001207EE00468246914F0030F05D1436A63
:101C700043F400134362012073E0056801F11B0483
:101C800024012C5904F004049460002C6BD10568E5
:101C900001F11B0424012C59640D1460046801F146
:101CA0001B0C4FEA0C1C54F80C4004F00204D460E6
:101CB0000468A444DCF8045015F0080F5BD0082435
:101CC0001461046801F11B0C04EB0C146468C4F388
:101CD00007249461046804EB0C146468240C5461B8
:101CE000026802EB0112D2F8B8211A70026802EB06
:101CF0000112D2F8B821C2F307225A70026802EB2F
:101D00000112D2F8B821C2F307429A70026802EBBE
:101D10000112D2F8B821120EDA70026802EB011239
:101D2000D2F8BC211A71026802EB0112D2F8BC2170
:101D3000C2F307225A71026802EB0112D2F8BC21E9
:101D4000C2F307429A71026802EB0112D2F8BC2179
:101D5000120EDA71C1B90268D36843F02003D36070
:101D6000002030BC7047056801F11B0424012C5988
:101D7000E408546092E701F11B0504EB0514646864
:101D800004F00F0414619CE70268136943F0200318
:101D90001361E5E7436A43F48023436201207047FF
:101DA00090F82030013BDBB2012B05D9436A43F4A4
:101DB0008023436201207047026853690B435361DB
:101DC00000207047704770477047704770477047F2
:101DD0007047704770477047704770472DE9F84F5C
:101DE000054603685C69D3F804809F68D3F80CA0AB
:101DF000D3F81090D3F818B014F001063BD017F0C8
:101E0000010616D001229A6017F0020F08D117F0D0
:101E1000040F0CD117F0080606D04FF4805608E0E6
:101E2000FFF7D0FF002604E0FFF7CFFF01E04FF4FB
:101E3000006617F4807F0DD02B684FF480729A6093
:101E400017F4007F40F0968017F4806F00F09680C2
:101E500046F4005617F4803F0DD02B684FF48032C3
:101E60009A6017F4003F40F0938017F4802F00F041
:101E7000938046F4004614F0080F07D01AF0100FB4
:101E800004D046F400762B681022DA6014F0040FB8
:101E900003D01AF0080F40F0898014F0020F05D02B
:101EA0002B68DB6813F0030F40F0878014F0400FBD
:101EB00007D019F0100F04D046F480662B6810226A
:101EC0001A6114F0200F02D019F0080F79D114F024
:101ED000100F04D02B681B6913F0030F78D114F492
:101EE000003F02D018F0100F76D114F4803F02D0DA
:101EF00018F0080F77D114F4004F37D018F0040F02
:101F000031D014F4807F04D01BF0010F01D046F0D3
:101F1000010614F4007F04D01BF0020F01D046F03C
:101F2000020614F4806F04D01BF0040F01D046F0B9
:101F3000040614F4006F16D01BF0700B13D0BBF125
:101F4000400F66D056D8BBF1200F5CD0BBF1300FEC
:101F50005CD0BBF1100F01D146F008062A689369E6
:101F600023F0700393612B6804225A60002E56D12F
:101F7000BDE8F88F2846FFF726FF6BE717F4006FE0
:101F800002D046F4804665E72846FFF71FFF61E769
:101F90002846FFF719FF6EE717F4002F02D046F42A
:101FA000803668E72846FFF712FF64E72B680822AF
:101FB000DA602846FFF70CFF6FE7284602F05AFD6B
:101FC00074E72B6808221A612846FFF703FF7EE7B3
:101FD0002846FFF7FEFE82E72B6810225A6028464B
:101FE000FFF7F9FE81E72B6808225A602846FFF7C1
:101FF000F3FE80E7BBF1500F0ED0BBF1600FADD107
:1020000046F48076AAE746F01006A7E746F02006D9
:10201000A4E746F04006A1E746F080069EE76B6A1B
:1020200033436B622846FFF7D8FEA1E7002807DBA1
:1020300000F01F02400901239340024A42F8203079
:10204000704700BF00E100E0002808DB0901C9B2C9
:1020500000F1604000F5614080F80013704700F027
:102060000F000901C9B2014B1954704714ED00E08B
:1020700000B500F00700C0F1070CBCF1040F28BF49
:102080004FF0040C031D062B0FD9C31E4FF0FF3E6B
:102090000EFA0CF021EA000199400EFA03FE22EA42
:1020A0000E0241EA02005DF804FB0023EEE70000A7
:1020B000074AD36823F4E0631B041B0C000200F4FE
:1020C000E060034343F0BF6343F40033D3607047E1
:1020D00000ED00E010B50446054BD868C0F30220BF
:1020E000FFF7C6FF01462046FFF7AEFF10BD00BF59
:1020F00000ED00E008B5FFF799FF08BD10B40368D4
:10210000D9B210390A4AA2FB01421209094CA25C59
:10211000C2655F2907D96FF3090304338365806DB6
:102120005DF8044B70476FF309038365F7E700BF61
:10213000ABAAAAAA58B20008836A826992B9012B95
:102140000AD0022B02D00BB100207047C36A13F0F3
:10215000807F28D100207047C36AB3F1C07F24D0AC
:1021600000207047B2F5005F09D0022B25D9032B60
:1021700025D1C36A13F0807F23D100207047032B41
:1021800003D8DFE803F01404140A00207047C36A80
:1021900013F0807F0DD100207047C36AB3F1C07F78
:1021A00009D00020704701207047012070470120AE
:1021B00070470120704701207047012070470020C0
:1021C000704701207047000070B50446FFF748FBD8
:1021D000002C5BD00546022384F83530002384F8B8
:1021E00034302268136823F00103136023681A68EF
:1021F00012F0010F0AD0FFF733FB431B052BF5D973
:1022000020236365032084F8350070BD1A682049D7
:1022100011406268A0680243E068024320690243FB
:1022200060690243A0690243E0690243206A0243F5
:102230000A43616A04291ED01A602668756925F070
:102240000705636A1D43042B07D1A36A1D43E36A94
:102250001BB12046FFF770FF90B975612046FFF76C
:102260004DFFE26D3F2393408360002060650123B2
:1022700084F83530C9E7E16A206B01430A43DBE7A4
:1022800040236365012084F83500BEE70120BCE7E8
:102290003F8010F070B50446866DFFF7E1FA94F8C0
:1022A0003530DBB2022B06D080236365002384F82F
:1022B0003430012070BD05462268136823F01603F0
:1022C00013602268536923F080035361236CE3B1E8
:1022D0002268136823F0080313602268136823F050
:1022E0000103136023681B6813F0010F11D0FFF77F
:1022F000B7FA431B052BF5D920236365032084F827
:102300003500002384F83430D4E7A36C002BDFD1F0
:10231000E3E7E26D3F239340B360012384F8353057
:10232000002084F83400C5E790F83530DBB2022B8A
:1023300003D08023436501207047052380F83530A2
:102340000268136823F00103136000207047000047
:10235000F0B583B0044600230193724B1D68724BA5
:10236000A3FB0535AD0A876D3E68C26D0823934017
:10237000334210D003681A6812F0040F0BD01A68A9
:1023800022F004021A60C26D08239340BB60436DC3
:1023900043F001034365E26D01239340334209D0CA
:1023A0002268526912F0800F04D0BB60636D43F065
:1023B00002036365E26D04239340334209D022682F
:1023C000126812F0020F04D0BB60636D43F0040387
:1023D0006365E26D10239340334224D02268126873
:1023E00012F0080F1FD0BB6023681A6812F4802F08
:1023F0000DD01B6813F4002F04D1236C9BB1204631
:10240000984710E0A36C73B1204698470BE01A6818
:1024100012F4807F03D11A6822F008021A60236C3C
:102420000BB120469847E26D20239340334255D0AC
:102430002268126812F0100F50D0BB6094F835304B
:10244000DBB2052B0ED023681A6812F4802F33D02C
:102450001B6813F4002F2AD1636C002B3ED020465A
:1024600098473BE02268136823F016031360226844
:10247000536923F080035361236CA3B1226813686E
:1024800023F008031360E26D3F239340BB600123F8
:1024900084F83530002384F83430236D002B3FD08E
:1024A000204698473CE0A36C002BE7D1EBE7E36BB9
:1024B000A3B12046984711E01A6812F4807F09D131
:1024C0001A6822F010021A60012384F835300023C4
:1024D00084F83430E36B0BB120469847636DFBB151
:1024E000636D13F0010F17D0052384F8353022688F
:1024F000136823F001031360019B01330193AB4286
:1025000004D823681B6813F0010FF5D1012384F868
:102510003530002384F83430E36C0BB12046984703
:1025200003B0F0BD00000020B5814E1B00230F2B2F
:1025300000F2E98070B582B065E085684FEA430E2D
:10254000032404FA0EF425EA0405CC6804FA0EF418
:102550002C438460446824EA02044A68C2F30012EF
:102560009A40224342605CE0DC08083450F82420A2
:1025700003F00705AD004FF00F0E0EFA05FE22EA3C
:102580000E0E0A69AA4042EA0E0240F824205CE0DE
:10259000072200E0002202FA0EF22A4302345A4DCA
:1025A00045F82420594A94686FEA0C0224EA0C0585
:1025B0004E6816F4801F01D04CEA0405534CA56008
:1025C000E46802EA04054E6816F4001F01D04CEAE4
:1025D00004054E4CE560646802EA04054E6816F492
:1025E000003F01D04CEA0405484C65602468224055
:1025F0004D6815F4803F01D04CEA0402434C226040
:1026000001330F2B7DD801229A400C6804EA020C9A
:1026100032EA0404F4D14C6804F00304013C012CB8
:102620008BD94A6802F00302032A09D0C4685D000E
:102630000322AA4024EA02048A68AA402243C26014
:102640004A6802F00302022A8ED004684FEA430E61
:10265000032202FA0EF224EA02044A6802F003029C
:1026600002FA0EF2224302604A6812F4403FC7D0D9
:1026700000220192264A546C44F480445464526C03
:1026800002F480420192019A9C08A51C1E4A52F84D
:10269000255003F0030E4FEA8E0E0F2202FA0EF2BF
:1026A00025EA02051B4A90423FF474AF02F58062AE
:1026B00090421AD002F58062904218D002F58062F2
:1026C000904216D002F58062904214D002F58062EA
:1026D000904212D002F58062904210D002F58062E2
:1026E00090423FF455AF082255E7012253E70222FA
:1026F00051E703224FE704224DE705224BE706226C
:1027000049E702B070BD704700380140003C01400D
:1027100000380240000002400AB18161704709049C
:1027200081617047436901EA030221EA030141EA3A
:102730000241816170470000002800F0E08170B51F
:1027400082B00446036813F0010F3BD09F4B9B6897
:1027500003F00C03042B2CD09C4B9B6803F00C0360
:10276000082B21D06368B3F5803F4FD0B3F5A02F7D
:1027700052D0964B1A6822F480321A601A6822F4FA
:1027800080221A606368002B50D0FFF769F8054675
:102790008E4B1B6813F4003F14D1FFF761F8401B08
:1027A0006428F5D90320B1E1884B5B6813F4800FEE
:1027B000D8D0864B1B6813F4003F03D06368002B0E
:1027C00000F09F81236813F0020F54D07F4B9B6869
:1027D00013F00C0F3ED07D4B9B6803F00C03082BCD
:1027E00033D0E368002B68D0794B01221A60FFF7E1
:1027F00037F80546754B1B6813F0020F54D1FFF7ED
:102800002FF8401B0228F5D903207FE16F4A136897
:1028100043F480331360B5E76C4B1A6842F48022AE
:102820001A601A6842F480321A60ABE7FFF718F8B2
:102830000546664B1B6813F4003FC3D0FFF710F842
:10284000401B6428F5D9032060E1604B5B6813F4FA
:10285000800FC6D15D4B1B6813F0020F03D0E368F5
:10286000012B40F05081594A136823F0F803216985
:1028700043EAC1031360236813F0080F42D0636971
:102880006BB3534B0122C3F8802EFEF7E9FF0546D8
:102890004E4B5B6F13F0020F34D1FEF7E1FF401B8C
:1028A0000228F5D9032031E1484A136823F0F803E0
:1028B000216943EAC1031360DDE7454B00221A603A
:1028C000FEF7CEFF0546414B1B6813F0020FD2D036
:1028D000FEF7C6FF401B0228F5D9032016E13C4B4A
:1028E0000022C3F8802EFEF7BBFF0546374B5B6F17
:1028F00013F0020F06D0FEF7B3FF401B0228F5D9F4
:10290000032003E1236813F0040F77D02F4B1B6CD7
:1029100013F0805F33D1002301932C4B1A6C42F0EB
:1029200080521A641B6C03F080530193019B0125B4
:10293000284B1B6813F4807F23D0A368012B34D06D
:10294000052B38D0214B1A6F22F001021A671A6F3B
:1029500022F004021A67A368002B3DD0FEF780FF27
:1029600006461A4B1B6F13F0020F46D1FEF778FF95
:10297000801B41F288339842F3D90320C6E000253A
:10298000D6E7144A136843F480731360FEF768FFB8
:102990000646104B1B6813F4807FCED1FEF760FF14
:1029A000801B0228F5D90320B0E0084A136F43F0DA
:1029B00001031367CFE7054B1A6F42F004021A6751
:1029C0001A6F42F001021A67C5E700BF00380240E3
:1029D0000000474200700040FEF742FF0646524B9F
:1029E0001B6F13F0020F08D0FEF73AFF801B41F275
:1029F00088339842F3D9032088E0EDB9A369002B0E
:102A000000F08380484A926802F00C02082A51D0F4
:102A1000022B17D0454B00221A66FEF721FF044611
:102A2000414B1B6813F0007F42D0FEF719FF001BDB
:102A30000228F5D9032069E03B4A136C23F0805348
:102A40001364DBE7394B00221A66FEF709FF0546DF
:102A5000354B1B6813F0007F06D0FEF701FF401BCB
:102A60000228F5D9032051E0E369226A1343626A20
:102A700043EA8213A26A5208013A43EA0243E26A35
:102A800043EA0263284A5360284B01221A66FEF784
:102A9000E7FE0446244B1B6813F0007F06D1FEF7C7
:102AA000DFFE001B0228F5D903202FE000202DE0D7
:102AB00000202BE0012B2BD01B4B5B6803F4800123
:102AC000E269914226D103F03F02216A8A4223D172
:102AD000616A47F6C0721A40B2EB811F1ED103F43F
:102AE0004031A26A5208013AB1EB024F18D103F00B
:102AF0007063E26AB3EB026F14D1002006E001209C
:102B00007047012002E0012000E0002002B070BD0B
:102B10000120FBE70120F9E70120F7E70120F5E7B5
:102B20000120F3E70120F1E70038024000004742AE
:102B300008B5264B9B6803F00C03042B41D0082BEF
:102B400041D1224B5A6802F03F025B6813F4800FB8
:102B500012D01E4B5968C1F388111D480023A1FBF8
:102B60000001FDF7E9FC194B5B68C3F30143013336
:102B70005B00B0FBF3F008BD144B5868C0F388103D
:102B80004FEA401CBCEB000C6EEB0E0E4FEA8E13AE
:102B900043EA9C634FEA8C11B1EB0C0163EB0E032B
:102BA000DB0043EA5173C90011EB000C43F1000351
:102BB000990200234FEA8C2041EA9C51FDF7BCFCAE
:102BC000D1E70348D7E70348D5E700BF0038024004
:102BD000001BB7000024F400002800F09B8070B5B3
:102BE0000D4604464F4B1B6803F007038B4208D287
:102BF000CBB24C4A1370136803F007038B4240F0CA
:102C00008B80236813F0020F17D013F0040F04D049
:102C1000454A936843F4E0539360236813F0080F28
:102C200004D0414A936843F4604393603E4A9368FA
:102C300023F0F003A1680B439360236813F0010FA6
:102C400032D06368012B21D09A1E012A25D9364A39
:102C5000126812F0020F61D033498A6822F0030231
:102C600013438B60FEF7FCFD06462F4B9B6803F079
:102C70000C036268B3EB820F16D0FEF7F1FD801BE8
:102C800041F288339842F0D9032042E0264A126884
:102C900012F4003FE0D101203BE0234A126812F019
:102CA000007FD9D1012034E01E4B1B6803F00703DD
:102CB000AB4207D9EAB21B4B1A701B6803F007033B
:102CC000AB422DD1236813F0040F06D0164A936847
:102CD00023F4E053E1680B439360236813F0080F7B
:102CE00007D0114A936823F46043216943EAC10382
:102CF0009360FFF71DFF0C4B9B68C3F303130B4A54
:102D0000D35CD8400A4B18600A4B1868FEF730FBBA
:102D1000002070BD012070470120FAE70120F8E78C
:102D20000120F6E7003C02400038024048B20008AB
:102D30000000002008000020014B1868704700BF09
:102D40000000002008B5FFF7F7FF044B9B68C3F3B2
:102D50008223034AD35CD84008BD00BF003802403C
:102D600040B2000808B5FFF7E7FF044B9B68C3F3C8
:102D70004233034AD35CD84008BD00BF003802404C
:102D800040B200080F2303600B4B9A6802F0030265
:102D900042609A6802F0F00282609A6802F4E0529F
:102DA000C2609B68DB0803F4E0530361034B1B68BC
:102DB00003F007030B60704700380240003C0240FC
:102DC0007047000090F83D30DBB2012B37D1022371
:102DD00080F83D300268D36843F00103D360036894
:102DE000194A934220D0B3F1804F1DD0A2F57C4206
:102DF000934219D002F58062934215D002F58062A9
:102E0000934211D002F5784293420DD002F57052F0
:102E1000934209D0A2F59432934205D01A6842F049
:102E200001021A60002070479A6802F00702062A21
:102E300007D01A6842F001021A6000207047012092
:102E400070470020704700BF000001407047704786
:102E50007047704770B504460368DE681D6915F059
:102E6000020F10D016F0020F0DD06FF002021A619F
:102E70000123037703689B6913F0030F5ED0FFF70C
:102E8000E6FF0023237715F0040F12D016F0040F8D
:102E90000FD023686FF004021A610223237723689E
:102EA0009B6913F4407F4FD02046FFF7D0FF0023EB
:102EB000237715F0080F12D016F0080F0FD02368F3
:102EC0006FF008021A61042323772368DB6913F08B
:102ED000030F40D02046FFF7BAFF0023237715F0F9
:102EE000100F12D016F0100F0FD023686FF01002E1
:102EF0001A61082323772368DB6913F4407F31D0FC
:102F00002046FFF7A4FF0023237715F0010F02D01E
:102F100016F0010F2DD115F0800F02D016F0800FA2
:102F20002FD115F0400F02D016F0400F31D115F01F
:102F3000200F02D016F0200F33D170BDFFF786FFAF
:102F40002046FFF785FF9CE72046FFF77FFF2046DE
:102F5000FFF77EFFABE72046FFF778FF2046FFF73D
:102F600077FFBAE72046FFF771FF2046FFF770FFB3
:102F7000C9E723686FF001021A612046FEF720F9C5
:102F8000C9E723686FF080021A61204600F0ABF8B1
:102F9000C7E723686FF040021A612046FFF759FF28
:102FA000C5E723686FF020021A61204600F09AF806
:102FB000C3E700000368344A904212D0B0F1804F5A
:102FC0000FD0A2F57C4290420BD002F58062904275
:102FD00007D002F58062904203D002F57842904219
:102FE00003D123F070034A681343274A90422AD042
:102FF000B0F1804F27D0A2F57C42904223D002F559
:10300000806290421FD002F5806290421BD002F590
:103010007842904217D002F57052904213D002F5D8
:10302000806290420FD002F5806290420BD0A2F5F0
:103030009832904207D002F58062904203D002F5A8
:103040008062904203D123F44073CA68134323F093
:1030500080034A69134303608B68C3620B68836211
:10306000094B984203D003F58063984201D10B6964
:10307000036301234361036913F0010F03D0036964
:1030800023F00103036170470000014040B310B515
:10309000044690F83D30F3B1022384F83D302146D8
:1030A00051F8040BFFF786FF012384F8463084F8BB
:1030B0003E3084F83F3084F8403084F8413084F862
:1030C000423084F8433084F8443084F8453084F842
:1030D0003D30002010BD80F83C30FFF771FEDBE78B
:1030E0000120704770477047026802F10C0353E8F3
:1030F000003F23F490730C3242E800310029F3D1F1
:10310000026802F1140353E8003F23F00103143274
:1031100042E800310029F3D1036B012B05D02023B5
:1031200080F84230002303637047026802F10C0309
:1031300053E8003F23F010030C3242E8003100292D
:10314000F3D1ECE790F84130DBB2212B01D0022023
:1031500070478368B3F5805F17D0036A5A1C026218
:103160001A7803685A60C38C9BB2013B9BB2C3843C
:103170004BB90268D36823F08003D3600268D36838
:1031800043F04003D360002070470369002BE4D173
:10319000036A1B880268C3F308035360036A02339F
:1031A0000362E0E710B504460268136923F4405354
:1031B000C1680B431361836802691A4343691A4368
:1031C000C3691A430168CB6823F4164323F00C0348
:1031D0001343CB600268536923F4407381690B4346
:1031E00053610368314A934206D002F580629342EC
:1031F00002D0FFF7A7FD01E0FFF7B4FDE369B3F5E7
:10320000004F29D00021031849411B1841F100014A
:10321000C90041EA5371DB00181863684FEA830262
:103220004FEA937341F10001FDF786F9204AA2FBB2
:1032300000314909642303FB11031B013233A2FB54
:1032400003235B0903F0F00202EB011203F00F030A
:10325000216813448B6010BD0023021843EB030167
:10326000121841F10001C90041EA5271D200101850
:1032700041F10001626892185B41FDF75DF90C4A6B
:10328000A2FB00314909642303FB1103DB00323345
:10329000A2FB03235B095A0002F4F87202EB01124D
:1032A00003F00703216813448B60D4E7001001404A
:1032B0001F85EB512DE9F04383B005460E461746B6
:1032C0009946DDF828802B681C6836EA04040CBF98
:1032D00001240024BC4228D1B8F1FF3FF3D0FEF70F
:1032E000BFFAA0EB0900404523D8B8F1000F22D067
:1032F0002B68DA6812F0040FE5D0802EE3D0402E60
:10330000E1D01A6812F0080FDDD0002401941A6889
:1033100001925B680193019B2846FFF7E5FE0823B5
:103320006B6485F84040012000E0002003B0BDE858
:10333000F0830320FAE70320F8E760B310B50446F2
:1033400090F8413013B3242384F841302268D368C5
:1033500023F40053D3602046FFF724FF226813694B
:1033600023F4904313612268536923F02A035361C5
:103370002268D36843F40053D360002060642023A4
:1033800084F8413084F84230606310BD80F84030EA
:10339000FEF722F9D7E7012070472DE9F04182B00E
:1033A0001E4690F84130DBB2202B56D104460D4624
:1033B0009046002955D00AB901204FE0002343640C
:1033C000212380F84130FEF74BFA0746A4F8248009
:1033D000A4F82680A368B3F5805F02D04FF0000800
:1033E00014E023692BB34FF000080FE0202384F88A
:1033F0004130032032E038F8023B2268C3F308036F
:103400005360E28C92B2013A92B2E284E38C9BB2B6
:1034100093B100963B46002280212046FFF74AFFE9
:103420000028E3D1002DE6D015F8012B23685A605F
:10343000E7E7A8460025E9E700963B460022402141
:103440002046FFF737FF18B9202384F8413005E004
:10345000202384F84130032000E0022002B0BDE8C0
:10346000F0810120FAE7704708B50168CA6822F0C8
:103470004002CA60202280F84120FFF7F4FF0020BC
:1034800008BD7047704708B5806B0023C385C384AF
:10349000FFF7F8FF08BD704790F84230DBB2222BEF
:1034A00069D18368B3F5805F4FD0826AB3F5805FDE
:1034B00004D0002B56D10369002B53D103685B68FD
:1034C0001370836A01338362C38D9BB2013B9BB24D
:1034D000C385002B51D100B583B00268D36823F0B7
:1034E0002003D3600268D36823F48073D36002683A
:1034F000536923F001035361202380F842300023F5
:103500004363036B012B33D100230363026802F191
:103510000C0353E8003F23F010030C3242E8003163
:103520000029F3D103681A6812F0100F06D00022A8
:1035300001921A6801925B680193019B818DFFF7EC
:10354000AAFF002003B05DF804FB0269002AACD199
:10355000826A03685B68C3F308031380836A0233DB
:103560008362B1E703685B6803F07F031370A8E729
:10357000FFF787FFE5E70220704700207047000053
:1035800010B582B0044602681368D068516913F020
:103590000F0F09D113F0200F0CD010F0200F09D01D
:1035A0002046FFF779FF16E011F0010115D110F464
:1035B000907F12D1216B012979D013F0800F03D0B5
:1035C00010F0800F40F0148113F0400F03D010F082
:1035D000400F40F0118102B010BD13F0010F06D072
:1035E00010F4807F03D0626C42F00102626413F039
:1035F000040F04D019B1626C42F00202626413F04D
:10360000020F04D019B1626C42F00402626413F03C
:10361000080F07D010F0200F00D119B1626C42F0F2
:1036200008026264626C002AD5D013F0200F02D029
:1036300010F0200F29D123685B6903F04003626C0E
:1036400012F0080F00D163B32046FFF74DFD236849
:103650005B6913F0400F20D0226802F1140353E895
:10366000003F23F04003143242E800310029F3D137
:10367000E36B73B1624A1A65E06BFEF755FE0028F2
:10368000A9D0E06B036D9847A5E72046FFF704FF3C
:10369000D1E72046FFF7F6FE9DE72046FFF7F2FE52
:1036A00099E72046FFF7EEFE0023636493E713F0EB
:1036B000100F82D010F0100F3FF47FAF0023019362
:1036C0001368019353680193019B536913F0400FF2
:1036D00052D0E26B13685B689BB2002B3FF47BAF68
:1036E000A18D99427FF677AFE385D369B3F5807FEB
:1036F00037D0226802F10C0353E8003F23F48073B3
:103700000C3242E800310029F3D1226802F114039F
:1037100053E8003F23F00103143242E8003100294E
:10372000F3D1226802F1140353E8003F23F0400371
:10373000143242E800310029F3D1202384F84230CA
:1037400000232363226802F10C0353E8003F23F0B7
:1037500010030C3242E800310029F3D1E06BFEF790
:1037600099FD02236363A18DE38D9BB2C91A89B2CF
:103770002046FFF790FE2EE7A18DE38D9BB2C91A7C
:1037800089B2E38D9BB2002B3FF425AF00293FF4B3
:1037900022AF226802F10C0353E8003F23F4907338
:1037A0000C3242E800300028F3D1226802F1140301
:1037B00053E8003F23F00103143242E800300028B0
:1037C000F3D1202384F8423000232363226802F1DE
:1037D0000C0353E8003F23F010030C3242E80030A2
:1037E0000028F3D1022363632046FFF754FEF2E67C
:1037F0002046FFF7A7FCEEE62046FFF735FEEAE697
:1038000087340008842801D00330704700207047B7
:1038100008B500F063FD002008BD2DE9F04387B036
:103820000E464469C4B18569B5B14768D0F80080D7
:10383000D0F81090B0F90800FFF7E4FF029501946A
:10384000009033464A464146384600F0D7FC059082
:10385000059807B0BDE8F083446805680769B0F9CA
:103860000800FFF7CFFF05AB019300903346BAB2D3
:103870002946204600F0FFFC0128E9D00020E8E7B7
:1038800008B500B9012000F07BFE002008BD00F162
:10389000080343604FF0FF328260C360036100237E
:1038A0000360704700230361704743684B609A6868
:1038B0008A60516099600861036801330360704752
:1038C00030B40D68B5F1FF3F11D000F108031C467C
:1038D0005B681A68AA42FAD963684B6099608C6089
:1038E0006160086103680133036030BC704704699C
:1038F000F2E70369416882688A60416851605A68EA
:10390000824206D0002202611A68013A1A601868E1
:10391000704782685A60F5E782B0002301930D4B2F
:103920001B68B3F1FF3F08D04FF0500383F31188B9
:10393000BFF36F8FBFF34F8FFEE74FF0500383F35A
:103940001188BFF36F8FBFF34F8F019B002BFCD00B
:1039500002B070470C00002008480068006880F33F
:1039600008884FF0000080F3148862B661B6BFF398
:103970004F8FBFF36F8F00DF00BF000008ED00E046
:10398000DFF80C00016841F470010160704700002D
:1039900088ED00E04FF0807340F8043C21F0010115
:1039A00040F8081C054B40F80C3C40F8202C6FF008
:1039B000020340F8243C4438704700BF193900081E
:1039C000074B19680868B0E8F04F80F30988BFF327
:1039D0006F8F4FF0000080F311887047AFF30080C5
:1039E000504A00204FF0500383F31188BFF36F8FCC
:1039F000BFF34F8F0B4A136801331360012B00D0C4
:103A000070474FF0E023D3F8043D13F0FF0FF7D0D9
:103A10004FF0500383F31188BFF36F8FBFF34F8FC5
:103A2000FEE700BF0C000020094B1B6843B94FF0B4
:103A3000500383F31188BFF36F8FBFF34F8FFEE7FF
:103A4000013B034A13600BB983F31188704700BF31
:103A50000C0000200000000000000000000000003A
:103A6000EFF30980BFF36F8F154B1A681EF0100F2C
:103A700008BF20ED108A20E9F04F10602DE9090001
:103A80004FF0500080F31188BFF34F8FBFF36F8F5B
:103A900000F09CFD4FF0000080F3118809BC19680C
:103AA0000868B0E8F04F1EF0100F08BFB0EC108AA5
:103AB00080F30988BFF36F8F704700BFAFF30080BA
:103AC000504A002008B54FF0500383F31188BFF32C
:103AD0006F8FBFF34F8F00F04BFC28B14FF0E02306
:103AE0004FF08052C3F8042D002383F3118808BDE2
:103AF0004FF0E022002313619361054B1B680549D9
:103B0000A1FB03139B09013B53610723136170471A
:103B100000000020D34D62104FF0E023D3F8002DB9
:103B20003D4B9A421CD04FF0E023D3F8002D3B4B85
:103B30009A421ED030B583B0394B1A78D2B2019276
:103B4000FF221A701B78DBB28DF803309DF803302A
:103B500003F05003334A1370334B07221A601BE003
:103B60004FF0500383F31188BFF36F8FBFF34F8F74
:103B7000FEE74FF0500383F31188BFF36F8FBFF35D
:103B80004F8FFEE7284A1368013B13609DF803300E
:103B90005B00DBB28DF803309DF8033013F0800F2B
:103BA000F0D1214B1B68032B08D04FF0500383F357
:103BB0001188BFF36F8FBFF34F8FFEE71B021A4AC6
:103BC000136003F4E0631360019BDBB2144A1370CB
:103BD0004FF0E024D4F8203D43F47003C4F8203DB6
:103BE000D4F8203D43F07043C4F8203DFFF780FF38
:103BF00000250E4B1D60FFF7C3FED4F8343F43F0A1
:103C00004043C4F8343FFFF7A7FE00F0DFFCFFF7A6
:103C100083FE284603B030BD71C20F4170C20F4110
:103C200000E400E0040D0020000D00200C00002046
:103C3000124A12F0070F1ED0D11D21F00701C1F565
:103C4000705313440A460E48026000214160134439
:103C5000083B23F007030B48036059601960991A69
:103C600051601360084B1960084B1960084B4FF006
:103C700000421A6070474FF47053E4E7280D0020AB
:103C8000200D00201C0D0020140D0020180D002018
:103C9000080D0020164B1A461B688342FBD351685F
:103CA00002EB010C844509D0416800EB010C63452F
:103CB00009D00360904219D01060704740680144F9
:103CC00051601046F0E710B40A4C2468A3420BD0B0
:103CD0005B681944416013681B680360904200D020
:103CE00010605DF8044B70470460F7E7704700BF51
:103CF000200D00201C0D002038B5044600F030FBDC
:103D0000384B1B68B3B1384B1B681C4250D1002C98
:103D100050D004F1080214F0070F02D022F007027D
:103D20000832002A55D0314B1B68934253D3304997
:103D30000C6804E0FFF77CFFE5E721461C4663685A
:103D4000934202D22368002BF7D1264B1B68A34273
:103D500043D00D68083523680B6063689B1A102BED
:103D600010D9A01810F0070F08D04FF0500383F3BC
:103D70001188BFF36F8FBFF34F8FFEE74360626020
:103D8000FFF788FF626819490B689B1A0B60194995
:103D900009688B4201D217490B60134B1B68134310
:103DA000636000232360144A13680133136002E048
:103DB000002500E0002500F067FB15F0070F0ED08E
:103DC0004FF0500383F31188BFF36F8FBFF34F8F12
:103DD000FEE70025EFE70025EDE70025EBE72846A5
:103DE00038BD00BF1C0D0020080D0020180D00205C
:103DF000200D0020140D0020100D0020002834D0CC
:103E000038B50446A0F1080550F8043C174A12687A
:103E1000134208D14FF0500383F31188BFF36F8F23
:103E2000BFF34F8FFEE750F8081C41B14FF050032D
:103E300083F31188BFF36F8FBFF34F8FFEE723EA41
:103E4000020340F8043C00F08BFA54F8041C084AC2
:103E500013680B4413602846FFF71CFF054A1368DC
:103E60000133136000F010FB38BD7047080D0020CF
:103E7000180D00200C0D0020084B1B681B6823B98F
:103E8000074B4FF0FF321A607047044B1B68DB682A
:103E9000DB685A68024B1A60704700BF98490020DF
:103EA000304900202DE9F04707469846089DDDF887
:103EB00024900A9C266B02F18042013A06EB8206AE
:103EC00026F00706002964D008464FF0000CBCF12C
:103ED0000F0F09D810F80C2004EB0C0383F83420E2
:103EE00012B10CF1010CF2E7002384F84330062DE7
:103EF00000D90625E56265644FF0000AC4F848A0C1
:103F0000201DFFF7CFFC04F11800FFF7CBFC246164
:103F1000C5F10705A5616462C4F890A184F894A175
:103F20004FF4A072514604F1500001F08DF91B4B83
:103F3000636503F16802A265D033E36501220023C3
:103F4000C4E93A2343F20E33A4F8F0304AF6CD33F5
:103F5000A4F8F23041F23423A4F8F4304EF26D6349
:103F6000A4F8F6304DF6EC63A4F8F8300523A4F875
:103F7000FA300B23A4F8FC30424639463046FFF7AE
:103F800009FD2060B9F1000F01D0C9F80040BDE87B
:103F9000F087002384F83430A9E700BFDC4C002010
:103FA00038B5002407E004EB840293000E4818445F
:103FB000FFF76DFC0134062CF5D90C4D2846FFF7B0
:103FC00066FC0B4C2046FFF762FC0A48FFF75FFCDB
:103FD0000948FFF75CFC0948FFF759FC084B1D60D6
:103FE000084B1C6038BD00BFC4490020B049002008
:103FF0009C490020804900206C4900205449002041
:10400000984900209449002010B50446FFF7EAFCC7
:10401000214A136801331360204B1B685BB1204BAE
:104020001B686BB91D4B1B68DA6AE36A9A4207D8B2
:104030001A4B1C6004E0194B1C601368012B28D03C
:10404000184A136801331360E06A01238340164A5B
:1040500011680B43136000EB8000211D134B03EB31
:104060008000FFF722FCFFF7DFFC0D4B1B687BB1E4
:104070000A4B1B68DA6AE36A9A4209D24FF0E023DE
:104080004FF08052C3F8042DBFF34F8FBFF36F8FF3
:1040900010BDFFF785FFD3E750490020504A0020AC
:1040A000444900203449002048490020C4490020E8
:1040B00010B50446503001F02BF994F8953163B1F6
:1040C000012B11D0022B0ED04FF0500383F3118837
:1040D000BFF36F8FBFF34F8FFEE7206BFFF78EFEAE
:1040E0002046FFF78BFE10BD2046FFF787FEFAE75C
:1040F0000F4B1B68D3B110B5FFF774FC0D4BDB6899
:10410000DC68201DFFF7F5FB0B4A1368013B1360C9
:10411000074A1368013B1360FFF786FC2046FFF750
:10412000C7FF034B1B68002BE6D110BD704700BFD3
:10413000684900206C4900205049002008B5FFF76D
:10414000D7FF074B1B68012BF9D94FF0E0234FF045
:104150008052C3F8042DBFF34F8FBFF36F8FEEE78C
:10416000C449002070B504460D461D4B1E681D4B0A
:1041700018680430FFF7BDFB48B91A4B1B68DB6AAF
:1041800001229A4018490B6823EA02030B60B4F13C
:10419000FF3F0DD03444134B1B685C60A64210D91E
:1041A000124B18680F4B19680431FFF789FB70BD7B
:1041B000002DEFD00B4B196804310D48FFF775FB4C
:1041C000F5E70C4B1868074B19680431FFF778FBCB
:1041D000094B1B68A342EAD9074B1C60E7E700BF05
:1041E0004C490020504A00204849002094490020B2
:1041F00054490020984900203049002030B587B04C
:104200000B9C8CB10C9DC5B14FF4CC750495049DED
:10421000B5F5CC7F1AD04FF0500383F31188BFF36C
:104220006F8FBFF34F8FFEE74FF0500383F311887A
:10423000BFF36F8FBFF34F8FFEE74FF0500383F351
:104240001188BFF36F8FBFF34F8FFEE7049D0C9D66
:104250002C63022485F8954100240394029505AC53
:1042600001940A9C0094FFF71DFE0C98FFF7CCFE0A
:10427000059807B030BD2DE9F04385B00746884664
:1042800014461E469000FFF737FD10B381464FF4E9
:10429000CC70FFF731FD0546A8B1C0F8309000237F
:1042A00080F89531039302900D9B01930C9B009332
:1042B0003346224641463846FFF7F4FD2846FFF7CD
:1042C000A3FE012007E04846FFF798FD4FF0FF30BE
:1042D00001E04FF0FF3005B0BDE8F08310B588B0C5
:1042E00000240594069407AA06A905A8FCF7B2FEC7
:1042F000059B0293069B019300942346079A10495D
:104300001048FFF77BFF104B1860B8B14FF0500317
:1043100083F31188BFF36F8FBFF34F8F0B4B1B6875
:1043200050330B4A13600B4B4FF0FF321A600A4BAD
:1043300001221A60094B1C60FFF7EEFB08B010BDAC
:104340007CB000083D4100082C490020504A002064
:104350001C00002030490020444900204C49002026
:10436000024A136801331360704700BF28490020D8
:10437000F8B53A4B1B68002B69D1394B1D680135E4
:104380001D60C5B9374B1B681B6843B14FF0500324
:1043900083F31188BFF36F8FBFF34F8FFEE7314A6E
:1043A0001168314B186810601960304A1368013386
:1043B0001360FFF761FD2E4B1B68AB423DD9002710
:1043C0002C4B1B68DB6A03EB83039A002A4B9B5838
:1043D000012B00D90127294B1B68002B3CD001275A
:1043E0003AE001271F4B1B681B6843B31D4B1B683A
:1043F000DB68DC6863689D4226D3261D3046FFF7E4
:1044000078FAA36A1BB104F11800FFF772FAE36AA5
:1044100001229A401A49086802430A6003EB8303A9
:104420009A00314614481044FFF73FFAE26A114BF4
:104430001B68DB6A9A42D4D2D4E70027D2E70C4B40
:104440004FF0FF321A60BBE7094A1360B8E70D4A24
:1044500013680133136000273846F8BD284900204F
:104460004C490020984900209449002038490020F8
:1044700030490020504A0020C44900203C49002017
:10448000484900204049002038B5354B1B6843B9E6
:104490004FF0500383F31188BFF36F8FBFF34F8F3B
:1044A000FEE7FFF79FFA2E4B1A68013A1A601B6865
:1044B000002B4FD12B4B1B680BB900244BE0002481
:1044C000294B1B681BB3284BDB68DC6804F1180020
:1044D000FFF70FFA251D2846FFF70BFAE06A0123C4
:1044E0008340224A11680B43136000EB8000294689
:1044F0001F4B03EB8000FFF7D8F9E26A1D4B1B68E6
:10450000DB6A9A42DCD31C4B01221A60D8E70CB15B
:10451000FFF7B2FC194B1C6884B9174B1C68D4B167
:104520004FF0E0234FF08052C3F8042DBFF34F8FBC
:10453000BFF36F8F01240EE0013C07D0FFF718FF97
:104540000028F9D00C4B01221A60F5E70B4B002232
:104550001A60E2E70024FFF767FA204638BD00BF83
:104560002849002050490020804900204849002067
:10457000C4490020504A00203C4900204049002006
:1045800010B5A8B10446104B1B6843B14FF050035F
:1045900083F31188BFF36F8FBFF34F8FFEE7FFF7F1
:1045A000DFFE00212046FFF7DDFDFFF76DFF48B974
:1045B0004FF0E0234FF08052C3F8042DBFF34F8F2C
:1045C000BFF36F8F10BD00BF28490020224B1B682E
:1045D0001BB1224B01221A607047204B00221A6047
:1045E0001F4B1B68B3FA83F3DBB2C3F11F0303EB6A
:1045F00083018A001B498A5842B94FF0500383F364
:104600001188BFF36F8FBFF34F8FFEE7154803EBA1
:1046100083018A00024451684968516003EB830CAE
:104620004FEA8C020832024491420DD003EB83031F
:104630009A000C4B13445B68DA680B4B1A601B68DA
:1046400050330A4A13607047486862469100054A31
:104650000A445060EAE700BF284900203C49002096
:1046600048490020C4490020504A00201C00002076
:1046700000B583B00B4BD3F8DC60D3F8D400FBF764
:1046800003FF04460D463046FBF7FEFECDE9000170
:1046900022462B46044800F005FB0120FFF7F0F806
:1046A000E8E700BF544A002084B0000808B50E4C6B
:1046B0004FF480612046FEF735F84620FFF7E0F81A
:1046C0004FF400612046FEF72DF84620FFF7D8F89A
:1046D0004FF480512046FEF725F84620FFF7D0F82A
:1046E0000120FFF7CDF8E2E7001C024000B58BB0D7
:1046F00040F6B830FFF7C4F83F4CEC4604F1CC0E5E
:10470000BEE80F00ACE80F00BEE80F00ACE80F00F9
:10471000DEF80030CCF8003004F1C00696E80E0058
:10472000012000F077F9EC4604F1FC0EBEE80F0022
:10473000ACE80F00BEE80F00ACE80F00DEF8003078
:10474000CCF8003004F1F00595E80E00012000F0EF
:1047500061F96420FFF794F80023C4F8EC30C4F842
:104760001C31EC4604F1D00EBEE80F00ACE80F009F
:104770009EE80F008CE80F0096E80F0000F0CAF8E2
:10478000EC4604F580740FCCACE80F0094E80F0001
:104790008CE80F0095E80F0000F0BCF8164C174BA2
:1047A000C4F8EC300023C4F81C31EC4604F1D00E00
:1047B000BEE80F00ACE80F009EE80F008CE80F0089
:1047C00004F1C0030FCB00F0A5F8EC4604F5807EA1
:1047D000BEE80F00ACE80F009EE80F008CE80F0069
:1047E000F03494E80F0000F095F80A20FFF748F83D
:1047F0000120FFF745F8D1E7544A00203333333F17
:1048000031EE601A30EE600A01238340013B07EE6F
:10481000903AF8EEE77A20EE270AC0EE017AFCEE35
:10482000E77A17EE903A98B2704707EE900A70EE6A
:10483000C00AF8EEE77A27EEA07A01238B40013B0D
:1048400007EE903AF8EEE77AC7EE276A36EE800A6E
:1048500070470000F0B589B007460D4614461E4665
:10486000012A03D0022C11D009B0F0BD0028F9D0E4
:104870000029F7D00293002304930593069101AB1E
:10488000024602A90948FDF761F9EBE7002FEBD0DA
:10489000002DE9D00296002304930593069501AB01
:1048A0003A4602A90248FDF751F9DDE7300700203A
:1048B0000807002010B58AB0002305930693012253
:1048C0000792009301930293039304930892099330
:1048D0000E4C69462046FDF76FF82046FDF708F9B3
:1048E00002212046FDF75CFA0E2309930593084C3C
:1048F00069462046FDF760F82046FDF7F9F80221E9
:104900002046FDF74DFA0AB010BD00BF3007002069
:104910000807002084B0F0B52DED028B83B00AACFF
:1049200084E80F00DDED158AFBEE027AF4EEE78AEB
:10493000F1EE10FA09D9F3EE027AF4EEE78AF1EE1D
:1049400010FA04DBF0EE678A01E0FBEE028A9FEDCD
:104950002D8A1020B2EE091AFAEE090AB0EE480AC2
:10496000FFF74EFF07460C209FED271ADFED270AC1
:10497000B0EE480AFFF744FF06460C209FED241ACC
:10498000F0EE480AB0EE480AFFF73AFF05460C2061
:10499000B1EE041AF0EE480AB0EE480AFFF730FF15
:1049A00004460C20B3EE021AFBEE020AB0EE680ACF
:1049B000FFF726FF3A0A8DF800208DF801703209C2
:1049C0008DF802202A0A42EA06128DF803208DF89B
:1049D000045022098DF80520020A42EA04128DF8DB
:1049E00006208DF807009DF828309DF82920082121
:1049F0006846FFF72FFF03B0BDEC028BBDE8F04027
:104A000004B070470000000000003442000034C2CF
:104A10000000FA4384B000B583B0844605A880E85E
:104A20000E00134B93E8030002AB03E90300BCF153
:104A3000020F15D0BCF1030F16D0BCF1010F0AD143
:104A4000FC238DF807309DF814309DF815200821BF
:104A50006846FFF7FFFE03B05DF804EB04B0704753
:104A6000FD238DF80730EEE7FE238DF80730EAE7E7
:104A700090B00008F0B52DED048B8BB0834B9842BD
:104A800007D0834B984200F082800BB0BDEC048BC2
:104A9000F0BD01AB03AA0021FDF7CDF89DF804405D
:104AA000631E032BF1D89DF805009DF806209DF8A4
:104AB00007109DF808301E0946EA01161B0203F490
:104AC00070639DF8091043EA0107013C04EB4403BD
:104AD000704D05EB031595ED029A85ED019AD5ED24
:104AE000078AC5ED068A1021F2EE090ABAEE090A14
:104AF00042EA0020FFF799FEB0EE408A85ED020AF7
:104B00000C21DFED650A9FED650A3046FFF78DFE4B
:104B100085ED030A0C21F3EE020ABBEE020A3846C9
:104B2000FFF783FE85ED080A38EE490AF2EE087AAF
:104B3000B4EEE70AF1EE10FA1DDDF3EE097A30EE7D
:104B4000670A9FED577AC0EE077A524B04EB440296
:104B500003EB0212C2ED057AD2ED046A67EEA67A83
:104B6000B7EE007A37EE667A68EE878A77EEA87A33
:104B7000C2ED077A89E7FAEE087AB4EEE70AF1EEB9
:104B800010FADED5F3EE097A30EE270AD9E701AB49
:104B900003AA0021FDF74FF89DF80440631E032B84
:104BA0003FF673AF9DF805009DF806209DF80710AD
:104BB0009DF808301F0947EA01171E0206F47066C7
:104BC0009DF809301E43033404EB4403314D05EBDB
:104BD000031595ED029A85ED019AD5ED078AC5ED8D
:104BE000068A1021F2EE090ABAEE090A42EA00200A
:104BF000FFF71BFEB0EE408A85ED020A0C21DFEDC7
:104C0000260A9FED260A3846FFF70FFE85ED030AB8
:104C10000C21F3EE020ABBEE020A3046FFF705FE56
:104C200085ED080A38EE490AF2EE087AB4EEE70A92
:104C3000F1EE10FA1DDDF3EE097A30EE670A9FED12
:104C4000187AC0EE077A134B04EB440203EB02120E
:104C5000C2ED057AD2ED046A67EEA67AB7EE007A65
:104C600037EE667A68EE878A77EEA87AC2ED077A21
:104C70000BE7FAEE087AB4EEE70AF1EE10FADED5A9
:104C8000F3EE097A30EE270AD9E700BF300700209B
:104C900008070020544A002000003442000034C2BB
:104CA0006F12833A0FB410B502AA52F8041B094BD5
:104CB0001A60094C204600F0ABFA82B2074B1A800A
:104CC000642321460648FEF768FBBDE8104004B0A7
:104CD000704700BFD84C0020D84B0020D44B002098
:104CE0006C0C00202DE9F047089D0E4604460F4647
:104CF000002B4AD194468C45B2FA82F260D942B177
:104D0000C2F12003974020FA03F30CFA02FC1F4380
:104D100094404FEA1C4E1FFA8CF6B7FBFEF1230CB1
:104D20000EFB117743EA074301FB06F098420AD9CC
:104D30001CEB030301F1FF3780F01581984240F22C
:104D40001281023963441B1AA4B2B3FBFEF00EFBBE
:104D5000103344EA034400FB06F6A6420AD91CEBD2
:104D6000040400F1FF3380F00081A64240F2FD8090
:104D70006444023840EA0140A41B00211DB1D44024
:104D80000023C5E90043BDE8F0878B4205D90DB18A
:104D9000C5E9000100210846F5E7B3FA83F10029CF
:104DA00046D1B34202D3824200F2F580841A66EB08
:104DB000030201201746002DE5D0C5E90047E2E7D0
:104DC000002A40F09380A1EB0C034FEA1C471FFA26
:104DD0008CFE0121B3FBF7F607FB1630230C43EAE8
:104DE00000430EFB06F0984208D91CEB030306F1C2
:104DF000FF3802D2984200F2D08046461B1AA4B275
:104E0000B3FBF7F007FB103344EA03440EFB00FE4C
:104E1000A64508D91CEB040400F1FF3302D2A645D5
:104E200000F2B6801846A4EB0E0440EA0640A5E75F
:104E3000C1F120078B4022FA07FC4CEA030C06FA6A
:104E400001FE20FA07F426FA07F344EA0E0400FAFA
:104E500001F84FEA1C404FEA1449B3FBF0FE1FFA79
:104E60008CF600FB1E3349EA03430EFB06F9994515
:104E700002FA01F20BD91CEB03030EF1FF3A80F0AA
:104E80008580994540F28280AEF1020E6344A3EB27
:104E90000909A4B2B9FBF0F300FB139944EA0944F1
:104EA00003FB06F6A64208D91CEB040403F1FF300D
:104EB00068D2A64266D9023B644443EA0E40A41B72
:104EC000A0FB02E6B4427346B14652D34FD05DB167
:104ED000B8EB030264EB090404FA07F722FA01F3C2
:104EE0001F43CC40C5E9007400214CE7C2F120010A
:104EF00020FA01F30CFA02FC26FA01F19640334342
:104F00004FEA1C471FFA8CFEB1FBF7F007FB1016A7
:104F1000190C41EA064100FB0EF68E4204FA02F437
:104F200008D91CEB010100F1FF382DD28E422BD99C
:104F300002386144891B9BB2B1FBF7F607FB1611DF
:104F400043EA014306FB0EF1994208D91CEB030327
:104F500006F1FF3814D2994212D9023E63445B1A1B
:104F600046EA004136E73946EDE6184602E7F045E5
:104F7000ADD2BEEB020366EB0C060138B146A6E7E4
:104F80004646ECE7034698E74046D3E7D6467EE739
:104F90006444023847E708460DE7023E63442DE7C4
:104FA000024A0349034800F0C9B800BF10000020BE
:104FB0004D780008200000200C4B4168994210B544
:104FC000044601D002F042FCA168094B994202D08C
:104FD000204602F03BFCE168064B994204D0204693
:104FE000BDE8104002F032BC10BD00BFDC4C002018
:104FF000444D0020AC4D00202DE9F843314A324C9D
:105000003249DFF8DC90DFF8DC80314F1160002599
:1050100004232946082204F15C00C4E903352D4E1F
:10502000A560C4E90055C4E90555656600F00CF9B2
:1050300004F15800C4E90749C4E90987E66200F0B1
:105040000DFA2946244B6367082204F1C400C4E921
:105050001A55C4E91E552567C4F8CC50C4F88050D1
:1050600000F0F2F804F1680304F1C000C4F88430E1
:10507000C4E92298C4E9247600F0F0F9174BC4F88B
:10508000DC30294604F596700822C4E93455C4E999
:105090003855C4F8D850C4F83451C4F8E85000F07A
:1050A000D3F804F1D003C4E93D87C4F8F09004F5C7
:1050B0009470C4F8FC60C4F8EC30BDE8F84300F02C
:1050C000CDB900BF144E0020DC4C0020A14F0008D9
:1050D000E551000809520008090001001200020011
:1050E00081510008A551000810B504460A4800F097
:1050F000B9F9636B23B9094B094A1B68626323B191
:10510000BDE81040044800F0AFB9FFF775FFBDE8F7
:105110001040014800F0A8B9244E0020144E002091
:10512000B94F0008014800F09DB900BF244E00208F
:10513000014800F099B900BF244E00202DE9F84342
:105140000746884616464FF00009D6E90154013D4E
:1051500010D4A389012B08D9B4F90E3001332146AC
:10516000384602D0C04749EA0009013D6B1C04F1F2
:105170006804EED13668002EE7D14846BDE8F883D2
:1051800010B50C46B1F90E1000F00EF9002803DB43
:10519000236D0344236510BDA38923F48053A381A9
:1051A00010BD00BF2DE9F0410C46B1F90C101F46AF
:1051B000CB05054616460BD421F48051A1813B4610
:1051C000B4F90E1032462846BDE8F04100F002B9AD
:1051D000B4F90E100223002200F0D0F8B4F90C103C
:1051E000EAE700BF10B50C46B1F90E1000F0C6F8A2
:1051F000B4F90C30421C0EBF23F4805343F48053A7
:105200002065A38110BD00BFB1F90E1000F06EB88B
:1052100070B59AB013460A4E0A466FF000410291EB
:10522000059108490391044600253068199569469F
:105230000094049400F040FD009B1D701AB070BDF6
:105240001C0000200802FFFF830730B547D0541E22
:10525000002A3ED0CAB2034601E0013C39D303F82C
:10526000012B9D07F9D1032C2CD9CDB205EB0525D7
:105270000F2C05EB054535D9A4F1100222F00F0CD7
:1052800003F1100EE6444FEA121C1A46C2E900551B
:10529000C2E9025510327245F8D10CF1010214F046
:1052A0000C0F03EB021204F00F0C13D0ACF104034B
:1052B00023F003030433134442F8045B9342FBD10D
:1052C0000CF003042CB1C9B21C4403F8011BA34227
:1052D000FBD130BD64461346002CF4D1F9E70346F8
:1052E0001446C0E71A46A446E0E700BF38B5074DAC
:1052F0000022044608462A60FCF700F9431C00D04F
:1053000038BD2B68002BFBD0236038BD184E002021
:10531000194B1B6883422ED0416C70B5054681B194
:1053200000268C593CB121462468284600F00AF931
:10533000002CF8D1696C0436802EF2D1284600F09A
:1053400001F9A96B11B1284600F0FCF82C6C34B1BE
:1053500021462468284600F0F5F8002CF8D1E96CC5
:1053600011B1284600F0EEF86B6B1BB12846BDE882
:105370007040184770BD70471C00002038B50C46BF
:10538000084D8446114620461A4600232B60644689
:10539000FCF7BEF8431C00D038BD2B68002BFBD0B7
:1053A000236038BD184E002038B50C46084D8446A1
:1053B000114620461A4600232B606446FCF780F80D
:1053C000431C00D038BD2B68002BFBD0236038BDB8
:1053D000184E002038B50C46084D8446114620462C
:1053E0001A4600232B606446FCF77AF8431C00D071
:1053F00038BD2B68002BFBD0236038BD184E002031
:10540000014B1868704700BF1C00002070B50F4B9F
:105410000F4DAB42A3EB050607D0B610002455F89C
:10542000043B01349847A642F9D805F0D1FD094D57
:10543000094B5E1BAB424FEAA60606D0002455F886
:10544000043B01349847A642F9D870BDACB40008BB
:10545000ACB40008ACB40008B4B40008704700BF96
:10546000704700BF704700BF704700BF024B13B1C9
:10547000024800F005B8704700000000397B0008C2
:10548000002301461A46184602F0AABB2DE9F8434C
:1054900006460820894602F063FBDFF8A480054633
:1054A000304600F0FDFBD8F808305F6827F00307AE
:1054B000A7F11104A4EB09042C44B4FBF5F4013C5E
:1054C00005FB04F4A54208DC0021304602F022FB73
:1054D000D8F808303B44984205D0304600F0E6FB4F
:1054E0000020BDE8F8836142304602F013FB013032
:1054F0000FD0114AD8F808303F1B47F001075F6012
:10550000136830461B1B136000F0D0FB0120BDE880
:10551000F8830021304602F0FDFAD8F80820831AFB
:105520000F2BDADD43F001035360044B02491B6883
:10553000C01A0860D1E700BF2C4E00206401002093
:105540007001002000297CD02DE9F0410C468046F6
:1055500000F0A6FB54F8043C754FA4F1080523F0B5
:1055600001016818BE684268864222F0030200F01A
:105570008380DE07426000EB020C33D454F8084C01
:10558000DCF804302D1B2144AC6807F1080C64459D
:1055900003F0010364D0D5F80CE0C4F80CE0CEF8B9
:1055A0000840002B00F0818041F001036B60016036
:1055B000B1F5007F22D27868CB0801224909013376
:1055C0008A40024357F833107A6007EBC302083A67
:1055D000C5E9021247F83350CD604046BDE8F041BE
:1055E00000F064BBDCF80430DB072BD541F001038D
:1055F000B1F5007F44F8043C0160DCD3B1F5206FC5
:105600004FEA512353D28B0903F1390003F13802D9
:10561000C300F818FB580838984203D161E09B6832
:10562000984204D05A6822F003028A42F7D8D86818
:10563000C5E902308560DD604046BDE8F04100F01C
:1056400035BB7047114407F1080C836863453FD0B0
:10565000C268DA60936041F001036B606950A7E7AC
:10566000002B5FD10A44D0E90213CB60996042F06D
:1056700001036B60AA50B0E7DB070A4407D454F873
:10568000083CED1A1A44D5E90213CB60996042F048
:1056900001036B60274BBD601B6893429DD8264B6E
:1056A00040461968FFF7F2FE97E71144CDE7142B47
:1056B00008D9542B1DD80B0B03F16F0003F16E02B8
:1056C000C300A6E703F15C0003F15B02C300A0E79F
:1056D00041F00103C7E90455C5E902CC6B6069508C
:1056E0007BE779689210012404FA02F20A437A6097
:1056F0009EE7B3F5AA7F06D8CB0B03F1780003F140
:105700007702C30085E740F25452934206D88B0CCF
:1057100003F17D0003F17C02C3007AE74FF47E734E
:105720007E2276E741F001036B60016055E700BF20
:1057300070010020680100205C4E00202DE9F04F30
:1057400001F10B05162D83B0064623D8102900F26F
:10575000AF8000F0A5FA102518230220B74F3B4474
:10576000A3F108025C68944200F01E816368E2685D
:10577000A16823F00303CA602344304691605A684D
:1057800042F001025A6000F091FA0834204603B05A
:10579000BDE8F08F35F0070500F18A80A94200F2DC
:1057A000878000F07DFAB5F5FC7FC0F06E816B0A52
:1057B00000F08280042B00F21D81AB0903F1390057
:1057C00003F1380EC3009D4F3B44A3F1080C5C6805
:1057D000A44507D10DE0002AE16880F2DF808C4506
:1057E00007D00C46636823F003035A1B0F2AF2DD2F
:1057F0007046DFF860823C69444500F0BC80636815
:1058000023F0030CACEB05030F2B00F34281002BBC
:10581000C7E9048880F22D81BCF5007FD7F804E049
:1058200080F0C8804FEADC0101314FEA5C1C0123A3
:1058300003FA0CF357F83120A2604EEA030E07EB8F
:10584000C103083BE360C7F804E047F83140D46087
:1058500083104FF0010C0CFA03FCF44532D81CEA1B
:105860000E0F08D120F003004FEA4C0C1CEA0E0F7B
:1058700000F10400F8D007EBC00AD6468146DEF8F6
:105880000C300BE0596821F003014A1B0F2A1C461B
:10589000DB6800F3BB80002A80F2DE809E45F1D1F8
:1058A00009F1010919F0030F0EF1080EE7D119E112
:1058B0000C233360002469E74FF4007340204FF05D
:1058C0003F0E80E7BC68636823F00309A94503D352
:1058D000A9EB05030F2B51DC594B1B68082003F182
:1058E000100804EB0903009302F03AF9554A1368D3
:1058F0000133A844834605D008F1FF388044434271
:1059000003EA08084146304602F004F9B0F1FF3FCF
:105910004C4A824600F0D880009B834200F2D2803D
:10592000494B186840440BF1FF311860844640F041
:10593000FC801AEA010F40F0F880D7F808A0C844AC
:1059400048F00102CAF80420404B1968814238BF70
:1059500018603F4B1968814238BF1860544622F0E6
:105960000308A845A8EB050301D30F2B06DC30463E
:1059700000F09CF99EE7D7F804E069E7621943F06C
:10598000010345F0010565603046BA60536000F0E0
:105990008DF90834204603B0BDE8F08FA268234497
:1059A000D16030468A60EAE6DC68A3427FF4DEAE6E
:1059B00002301EE7BCF5206F4FEA5C227BD3142A2D
:1059C00000F2128102F15C03DB005B32F918FB5834
:1059D0000839994203D1ECE09B68994204D05A6897
:1059E00022F003026245F7D8D968C4E902318C601D
:1059F000DC602DE7142B6AD9542B00F2FE802B0BB0
:105A000003F16F0003F16E0EC300DCE6D4F808C0AA
:105A10003046661945F001056560CCF80C30C3F8D6
:105A200008C042F00103C7E90466C6E90288736052
:105A3000625000F03BF90834A8E600BF7001002076
:105A40005C4E0020640100202C4E0020584E0020A7
:105A5000544E002078010020214430464A6842F02C
:105A600001024A6054F8082FD3609A6000F01EF9D2
:105A70008CE6A4443046DCF8043043F00103CCF853
:105A8000043000F013F9083480E6E80805F1080353
:105A900064E6621943F0010145F001056560304696
:105AA000C7E90422C2E90288516044F80C3000F0D2
:105AB000FDF808346AE64FEA9C1202F13903DB0074
:105AC000383283E7BC4228D0BC68626847E703F1FC
:105AD0005C0003F15B0EC30075E65AF808395345C4
:105AE00040F0D98010F0030F00F1FF30F5D17B6852
:105AF00023EA0C037B604FEA4C0C9C453FF6E2AE78
:105B0000BCF1000F04D1DDE64FEA4C0C09F10409A9
:105B10001CEA030FF8D04846ADE6604B186808EB66
:105B2000000C0BF1FF31C3F800C0106801306ED0DB
:105B3000009AAAEB020262441A601AF00702CDE949
:105B4000002340D0C2F108029244D04408EA010088
:105B50005A44121A02EA010B5946304601F0DAFFA4
:105B6000421C019B6FD0A0EB0A0000EB0B081868E9
:105B7000C7F808A048F001025844BC42CAF8042003
:105B800018603FF4E1AEB9F10F0F43D96168A9F194
:105B90000C0222F0070201F00101114361604FF095
:105BA000050CA1180F2AC1E901CC54D8DAF8042059
:105BB000CAE692104FF0010C0CFA02F24EEA020E05
:105BC000C7F804E011E70AEB08020A40ABEB020257
:105BD00002EA010B5946304601F09CFF431C019B31
:105BE000C1D1DDF800B0C2E7542A17D84FEA1C3201
:105BF00002F16F03DB006E32E8E6B3F5AA7F17D837
:105C0000EB0B03F1780003F1770EC300DBE5C2F87C
:105C100000A092E70123CAF80430A8E6B2F5AA7FF3
:105C200024D84FEADC3202F17803DB007732CDE68C
:105C300040F25452934224D8AB0C03F17D0003F19F
:105C40007C0EC300BFE5009A083A9044A8EB0A080E
:105C50004FF0000B8BE7304604F108010093FFF78B
:105C600071FC009BD7F808A018689FE740F25453D6
:105C70009A420CD84FEA9C4202F17D03DB007C3251
:105C8000A4E64FF47E737F204FF07E0E9BE54FF429
:105C90007E737E229AE67B682DE700BF2C4E0020A3
:105CA0000148FFF7DFBB00BF1C4E00200148FFF793
:105CB000DBBB00BF1C4E00202DE9F04FD9B00C46D5
:105CC000099115460B93834601F020FF0368169354
:105CD0001846FAF735FD00211490082228A8FFF78E
:105CE000B3FAA389190603D52369002B00F05E8758
:105CF0009FED7F7B0023CDE92D33CDE917338DED6B
:105D0000107B2FAA0E932C92144615931C93199373
:105D100006932E46B246784BD3F8E45001F0F0FEDD
:105D200028AA0346009224A952465846A8470028AC
:105D300000F0B180C0F2A780249A252A034601D042
:105D40009A44E8E7BAEB0607054640F0A88000232E
:105D500019464FF0FF328DF8873007930AF1010A98
:105D60009AF80030059204910AF1010AA3F1200289
:105D70005A2A00F2C380DFE812F0F402C100C10029
:105D8000ED02C100C100C1006A00C100C1003F02B4
:105D90005102C1004A020603C100FF025B005B0022
:105DA0005B005B005B005B005B005B005B00C100B5
:105DB000C100C100C100C100C100C1003B01C10060
:105DC000BE01D3023B013B013B01C100C100C10048
:105DD000C100CC02C100C1008802C100C100C100E5
:105DE000E801C1005702C100C100B206C100C100F4
:105DF000C100C100C100C100C100C1003B01C10020
:105E0000BE011A023B013B013B01A0021A027F00C6
:105E1000C100C202C100B302D80622037F00C10044
:105E2000E8017C00AE06C100C100DB06C1007C00B9
:105E3000A3F1300200211AF8013B01EB810102EBD2
:105E40004101A3F13002092AF5D907918EE758469E
:105E500001F05CFE436819931846FAF771FC1C9038
:105E60000546584601F052FE83681793002D40F016
:105E7000B7859AF8003077E7049B43F0200304933A
:105E80009AF8003070E70822002128A8FFF7DCF913
:105E900001239A443FE7BAEB0607054610D02E9B34
:105EA0003B442E932D9B0133072BC4E900672D93B0
:105EB00015DC0834069B3B440693002D7FF447AF66
:105EC0002E9B002B41F09381099B9B8903F040039B
:105ED000002B41F09283069859B0BDE8F08F0999E4
:105EE0002CAA584601F086FC0028EDD12FACE1E742
:105EF0000000000000000000780500200C93002B3B
:105F0000DED000228DF8FC3001238DF8872002932B
:105F10000A920893059212920F920D923FAE049B43
:105F200013F0020302D002990231029104992E9DCE
:105F300011F0840805D1079902980F1A002F00F379
:105F4000A1806AB1012262602D9A013201350DF102
:105F50008701072A2E952D92216000F3DB830834F8
:105F60006BB12D9B22AA013302352260072B4FF023
:105F700002022E952D93626000F3C1830834B8F1BC
:105F8000800F00F0C482059B089A9F1A002F00F32F
:105F9000FE82049BDA0500F12482089B63601D44A5
:105FA0002D9B26600133072B2E952D9300F33F8305
:105FB0000834049B5A0705D5079B029A9E1A002EA7
:105FC00000F3B583DDE9063202998A42ACBF9B1823
:105FD0005B180693002D40F00B8300232D930A9B42
:105FE0001BB10A995846FFF7ADFA2FAC564691E619
:105FF0000C930B9B073323F00703B3EC027B58ECA5
:10600000177B0B9328F000431B938DED1A7ADDE983
:106010001A01AF4B4FF0FF328DED107BFAF796FE71
:10602000002840F00285DDE91A01A94B4FF0FF324C
:10603000FAF76EFE002840F0F8840022002338466C
:106040004146FAF75BFE002841F021809DF8872049
:10605000049BA04E23F0800304939F4B0C99472987
:10606000D8BF1E46002303210A930291089105938D
:1060700012930F930D93002A3FF451AF029B01330B
:1060800002934CE795492D9A1391102F25DD214657
:106090002846099C914D1D934FF0100904E0103FD4
:1060A000102F01F1080115DD01321030072AC1E976
:1060B0000059CDE92D20F2DD2CAA2146584601F0E9
:1060C00099FB002840F09C82103F102FDDE92D2025
:1060D0002FA9E9DC1D9B0C4605460132139921606E
:1060E0003D44072ACDE92D25676000F3D4869DF84D
:1060F0008720083425E70B9A0C93432B02F1040503
:1061000003D0049BDA0640F11785082200212AA853
:10611000FFF79AF80B9B3FAE1A6831462AAB5846F8
:1061200003F060F903460133089001F06182089B97
:1061300023EAE373029300220B958DF887200A92DD
:10614000059212920F920D92E9E60B9F0C9357F86D
:10615000046B00238DF88730002E00F016850C9B11
:10616000532B00F0BF86049B13F010030D9340F0F7
:10617000B986059B002BC1F245800D991A46304621
:10618000FAF78EFA0A90002801F066820A9B991BA2
:106190000D9B0891059321EAE17112930F930A93E5
:1061A00073239DF887200B9702910C9363E70C9360
:1061B000049B9B0640F1BD800B9B073323F0070334
:1061C0001A46596852F8083B0B920A460029C0F259
:1061D000CA8305990029C0F28382049921F08005C1
:1061E00053EA020140F07D82059A002A40F07E8247
:1061F0000495089258AE60E10B9B53F8042B07926C
:10620000002A80F2DA83079A0B9352420792049B8A
:1062100043F0040304939AF80030A5E52B238DF88E
:1062200087309AF800309FE50C93049B43F01005EB
:1062300015F0200200F072830B9B073323F0070355
:1062400019465A6851F8083B0B9101210020059E20
:106250008DF88700002EC0F2198125F0800004908F
:1062600053EA020040F01181002E40F024860029FC
:1062700040F0808315F00103089300F0A3833023DE
:106280008DF85F310DF25F1617E10C93049B43F01C
:1062900010030493049B13F0200200F055830B9B22
:1062A000073323F0070319465A6851F8083B0B914E
:1062B000049921F480650021C8E79AF80030682B22
:1062C00000F04E84049A42F0400204924CE500BF74
:1062D000FFFFEF7F9CB0000898B0000870B2000884
:1062E000049B9D0640F190830B9B069A1B681A60E5
:1062F000D2175A600B9B04330B9356460AE59AF863
:1063000000306C2B00F02284049A42F010020492B8
:106310002AE5049B43F0080304939AF8003023E530
:106320000C93049B43F010030493049B9B063FF5DE
:1063300043AF04990B9ACF0652F8043B00F14B830C
:1063400004994E0640F143860B9243F3C032114646
:106350001BB23BE7049B43F0010304939AF800301F
:1063600002E59DF887209AF80030002A7FF4FCAC03
:1063700020228DF88720F7E4049B43F080030493E8
:106380009AF80030F0E4504610F8013B2A2B01F057
:10639000E581A3F13002092A98BF002101F2E480CF
:1063A00010F8013B01EB810102EB4101A3F1300246
:1063B000092AF5D941EAE17205928246D6E40B9AA0
:1063C000049B43F0020552F8043B0B9247F630025F
:1063D000ADF8882078209B4A1592022100220C906B
:1063E00034E70C9B652B40F33381DDE9100100227B
:1063F0000023FAF779FC002800F0D2812D9B924A05
:106400002260013301350122072B2E952D93626006
:1064100000F35C850834239B0E9A934280F2C88275
:10642000149B169A1D44C4E900232D9B2E9501331D
:10643000072B2D9300F39E8308340E9B5E1E002EC7
:106440007FF7B7AD102E2D9BDFF8009240F3E5806B
:10645000DDF82480102704E00834103E102E40F3AD
:10646000DC8001331035072BC4E90097CDE92D35C9
:10647000F2DD2CAA4146584601F0BCF9002840F054
:10648000BF80DDE92D352FACE7E7049D012900F041
:106490002881022958AE1FD1159803F00F011B095E
:1064A000415C06F8011D43EA0273120953EA020136
:1064B000F3D158AB9B1B04950893059908989DF858
:1064C000872081424FF00003B8BF01460A93029132
:1064D00012930F930D93CEE503F00701DB0843EA17
:1064E0004273D208303153EA0207304606F8011DE4
:1064F000F2D1EF07DDD53029DBD03023023806F8A2
:10650000013C58AB1B1A049508930646D5E7079B38
:10651000029A9F1A002F7FF736AD102F2D9BDFF8C0
:106520002C9122DD2A464FF010084D46DDF82490CC
:1065300004E0103F102F04F1080414DD0133103281
:10654000072BC4E90058CDE92D32F2DD2CAA4946CB
:10655000584601F04FF9002852D1103F102FDDE9C5
:106560002D322FACEADCA946154601333D44072BFA
:10657000CDE92D35C4F80090676000F3DB84059BFE
:10658000089A9F1A002F04F108047FF702AD102F1C
:106590002D9BDFF8B8901FDD2A464FF01008099DAB
:1065A00004E0103F102F04F1080414DD01332749E3
:1065B0001032072BC4E90018CDE92D32F1DD2CAAE9
:1065C0002946584601F016F9D0B9103F102FDDE9E1
:1065D0002D322FACEADC154601333D44072BCDE9C3
:1065E0002D35C4F80090676000F38C810834D0E446
:1065F00009992CAA584601F0FDF800283FF4EDACAB
:106600000A9B002B3FF460AC0A995846FEF79AFFAC
:10661000099B9B8903F040035AE401333544072B5F
:10662000C4F800906660CDE92D357FF7C1AC0999BB
:106630002CAA584601F0DEF80028E1D12E9D2FAC9F
:10664000B7E400BFA8B00008D8B0000860B20008E6
:106650000E9B2D9F012B05F1010507F1010704F1A8
:10666000080840F30B810123072FCDE92D75266023
:10667000636000F38381149B169A01371D44072F32
:10668000C8E90023CDE92D7500F3858108F10808DC
:106690000E9BDDE910015C1E00220023FAF724FBAB
:1066A000002840F00481013701362544072FCDE949
:1066B0002D75C8F80060C8F8044000F3EB8008F1BD
:1066C0000808189BC8F8043001371D44072F26AB73
:1066D000CDE92D75C8F80030A9DC08F1080468E49C
:1066E000049D0A2B72F1000180F05E8330338DF837
:1066F0005F310123049508930DF25F16DDE60999D9
:106700002CAA584601F076F800287FF479AF2E9D28
:106710002FAC34E4099913932CAA584601F06AF877
:1067200000287FF46DAF2E9D139B2FAC18E4B44A64
:106730002D9B1392102E1FDDDDF82480102791462B
:1067400004E0103E102E04F1080415DD013310356D
:10675000072BC4E90097CDE92D35F2DD2CAA41467F
:10676000584601F047F800287FF44AAF103E102E3B
:10677000DDE92D352FACE9DC0133139A3544072BC5
:10678000C4E90026CDE92D357FF71CAC09992CAA68
:10679000584601F02FF800287FF432AF2E9D11E407
:1067A0002399002940F35183DDE90D329342A8BFBC
:1067B0001346002B98460ADD1D44C4E900632D9B57
:1067C0002E950133072B2D9300F3618608340D9F1E
:1067D000B8F1000FA8BFA7EB0807002F00F3F58161
:1067E0000D9B33440593049B5F0500F11582239BA9
:1067F0000E9A9342C0F2A082049AD00700F19C82C4
:106800000E9AB718D61A059BFF1AB742A8BF37468B
:10681000002F0ADD23602D9B676001333D44072B69
:106820002E952D9300F365860834002FA8BFF61B24
:10683000002E7FF7BEAB102E2D9BDFF8C8917FF79F
:10684000ECAEDDF82480102704E00834103E102E52
:106850007FF7E3AE01331035072BC4E90097CDE98C
:106860002D35F2DD2CAA4146584600F0C3FF002822
:106870007FF4C6AEDDE92D352FACE7E7049BD907E1
:106880003FF5F1AE0123072FCDE92D75266063603A
:106890007FF717AF09992CAA584600F0ABFF0028E4
:1068A0007FF4AEAEDDE92D750DF1BC0809E70E9B56
:1068B000012B7FF706AF112BDFF8489140F35C8383
:1068C000CDF814A01026CA46DDF8249005E008F1A2
:1068D0000808103C102C40F34C8301371035072F6B
:1068E000C8E900A6CDE92D75F1DD2CAA4946584628
:1068F00000F080FF00287FF483AEDDE92D750DF1F7
:10690000BC08E6E709992CAA584600F073FF002856
:106910007FF476AE2E9D2FACFFF73BBB0B9915F0A5
:10692000100051F8043B0CD115F0400604D00B9137
:106930009BB20246012189E415F400721CBFDBB250
:1069400032460B91012181E404980B9910F010005C
:1069500051F8043B3DD1049A12F0400534D09BB26B
:1069600002460B91A4E45B42049D62EB42022D209F
:1069700001216CE4059B089358AE9EE509992CAA69
:10698000584600F037FF00287FF43AAEDDE92D7558
:106990000DF1BC086FE609992CAA584600F02AFFB1
:1069A00000287FF42DAEDDE92D750DF1BC086FE6F2
:1069B000049BDB077FF5FDAA32E50B939AF80030C4
:1069C000FFF7D2B958AE78E5049A12F4007240F09D
:1069D00009840B916CE40B92DA171146FFF7F6BBB2
:1069E000179A9AF80030002A3FF4BEA91278002ABC
:1069F0003FF4BAA9049A42F480620492FFF7B4B952
:106A000070B2000860B20008049BD80600F1AB82A7
:106A1000049B590600F1E083049B9A0540F1A38290
:106A20000B9B069A1B681A7064E4DDE910010246AC
:106A30000B46FAF78BF9002840F01E860C9B612B61
:106A400000F03185412B00F04E85059B013300F0AD
:106A500002840C9B23F02003472B00F0E1850A9071
:106A6000DDE91001049A002942F48079C0F2F9842A
:106A70009DED107B8DED1E7B002313930C9B413B02
:106A8000252B00F22583DFE813F0290423032303D9
:106A90002303EA03B504230323032303230323036C
:106AA00023032303230323032303230323032303B6
:106AB00023032303230323032303230323032303A6
:106AC000230323032303230323032904230323038F
:106AD0002303EA03B504049D0C93FFF7A9BB0C93B1
:106AE000AD4B1593049B13F0200200F033810B9BF8
:106AF000073323F0070319465A6851F8083B0B91F6
:106B00000498C1070BD553EA020108D00C998DF8FF
:106B1000891040F00201049130218DF88810049909
:106B200021F480650221FFF791BB0C93FFF7B2BB04
:106B30000C939A4B1593D5E70B9B1B688DF8FC3093
:106B40000123029308933FAEFFF7F5BA049B43F08D
:106B5000200304930AF1010A9AF80030FFF704B900
:106B6000049B43F4007304930AF1010A9AF800307D
:106B7000FFF7FAB809992CAA584600F03BFE002806
:106B80007FF43EAD2E9D2FAC57E4059B0A96062B55
:106B9000314628BF0623059632460293804E0B9756
:106BA000089312910F910D91FFF765BA4021584655
:106BB000FEF7C4FD099B18601861002800F00386E9
:106BC000099A40235361FFF793B8102F2D9BDFF8EC
:106BD000D49140F30B8249462A46B146099D4FF0B5
:106BE00010080E4604E00834103F102F40F3FA81DD
:106BF00001331032072BC4E90068CDE92D32F2DDF4
:106C00002CAA2946584600F0F5FD00287FF4F8AC80
:106C1000DDE92D322FACE7E70E9BCDF830A006EB77
:106C200003090F9BDDF85CA0DDF848800D96002B72
:106C300022462946059C099DCDF81490DDF87090F8
:106C400031DDB8F1000F40F33B8108F1FF382D989A
:106C5000199B013049440728C2E900392E912D9033
:106C600000F387800832059B9AF800001F1B8742BB
:106C7000A8BF0746002F0CDD2D98013039440728A6
:106C8000C2E900472E912D9000F360819AF8000030
:106C90000832002FACBFC61B0646002E16DC04448B
:106CA0000F9B002BCDDCB8F1000FCEDCDDE90D63CE
:106CB0002046F31898421446024628BF1A46CDF8DB
:106CC0005CA00D46DDF830A0059290E5102E2D98C1
:106CD000344B23DD0894102734461E4604E0103C54
:106CE000102C02F1080216DD01302E4B103107285E
:106CF000C2E90037CDE92D01F1DD2CAA294658461D
:106D000000F078FD00287FF47BAC103C102CDDE90E
:106D10002D012FAAE8DC33462646089C136001307B
:106D200031440728CDE92D01566000F3A2839AF87B
:106D3000000008320444B3E7149A16991544C4E9D4
:106D400000122D9A2E950132072A2D9200F3BE8350
:106D5000083455E504980B9910F0100051F8043BE5
:106D600017D1049A12F040050ED09BB202460B9147
:106D7000C6E62CAA2946584600F03CFD00287FF4C0
:106D80003FAC2E992FAA6EE7049A12F4007240F0DD
:106D90001F820B91B4E600BFBCB00008A8B0000889
:106DA000D0B0000860B2000800210894DFF81C93FE
:106DB000179CCDF810A005F4806758AE4FF0050879
:106DC00002958C4605E00A2B72F1000234D353463B
:106DD0002A46991841F10001A9FB010525F003009D
:106DE00000EB9500091A581A4FF0CC3562F1000EED
:106DF00005FB00F5A0FB09A009FB0E550AF0010EEA
:106E00000544AEFB080E40184FEA5A0A303006F827
:106E1000010C4AEAC57A0CF1010C013E6D08002F05
:106E2000D1D021788C45CED1BCF1FF0FCBD00A2B2D
:106E300072F1000280F0E7801794DDF810A0029D47
:106E4000089CCDF838C0FFF734BB2D9B9E4A2260CA
:106E5000013301350122072B2E952D93626000F33B
:106E60001B810834002940F09380049B0E9A03F0A4
:106E7000010313433FF49DA8149B169A1D44C4E9D3
:106E800000232D9B2E950133072B2D9300F3D681E4
:106E900004F108028DE0099913932CAA584600F0DA
:106EA000A9FC00287FF4ACAB9DF887202E9D139B96
:106EB0002FACFFF746B80129049D7FF4EAAA15E438
:106EC0000F9B013B0AF1FF3A0F93C0E609992CAAE8
:106ED000584600F08FFC00287FF492AB2E9D2FAC1B
:106EE000FFF799BA0DF1A80808220021404625961F
:106EF000FEF7AAF9059B002BC0F2928000250297AD
:106F000099462F460EE03FA9584602F06BFA431C03
:106F1000384400F08F83484509DC05F1040500F092
:106F2000BD830746259A52594346002AEBD108975C
:106F3000029F83E009992CAA584600F05BFC0028C8
:106F40007FF45EAB2E9D2FACFFF71DB82CAA29460F
:106F5000584600F04FFC00287FF452AB9AF800002E
:106F60002E992FAA95E60B9B069A1B681A60FFF7CD
:106F7000C1B9D146DDF814A0C8F800900137254406
:106F8000072FCDE92D75C8F804407FF798AB81E451
:106F9000149B169A1D44C4E900232D9B2E950133A2
:106FA000072B2D9300F34A8104F108020029C0F257
:106FB000E0820E99166001330D44072BCDE92D3583
:106FC00051603FF734AB02F10804FEF7F2BF0499B9
:106FD0000B928D054ABF43F3C012DA175BB211461C
:106FE000FFF7F4B8154632464E46914601333D440C
:106FF000072BCDE92D35C4F80090676000F31281AE
:107000000834FFF7EDBB1C9B1999F61A1A46304657
:1070100000F042FD637803B101344FF0000CD6E676
:1070200000231946CDF8008025AA584602F000FA40
:1070300003460133089000F0FD822596089B002B43
:1070400036D0632B00F3E48000230A933FAE08227E
:1070500000214046FEF7F8F8089DCDF800802B4649
:1070600025AA3146584602F0E3F9854240F0A5834F
:1070700008990B970023735421EAE1719DF887204A
:107080000593029112930F930D93FEF7F4BF2D22F7
:107090008DF88720FEF7DCBF09992CAA584600F02E
:1070A000A9FB00287FF4ACAA23992E9D2FACD9E62A
:1070B000089B9DF887200B970293059312930F93DB
:1070C0000D930A93FEF7D7BFD8B00008CDCCCCCC37
:1070D0002AAB019325AB0093022123AB9DED1E0B40
:1070E000059A584600F054FE049BD907064600F165
:1070F000FC812A9B1B1A0E93239B0D930D9BDA1C7C
:1071000003DB059A9A4280F28B810C9B023B0C9325
:107110000D9B013B9DF8302023930021002BB8BF2D
:107120000D9B8DF89820BABFC3F101032D222B22AD
:10713000092B8DF8992040F365820DF1AF05B34F0F
:107140002A461046A7FB0312D20802EB8201A3EBEA
:107150004101303100F8011C19466329134600F142
:10716000FF32EEDC303302F8013C831EAB4280F08C
:1071700021830DF1990213F8011B02F8011FAB42A4
:10718000F9D158AB181AA0F1AD0318930E9B189AB9
:10719000012B1A44089240F35882089B149A134416
:1071A0000893049B089A23F4806343F48073049348
:1071B00022EAE2720023129302920F930D93139B23
:1071C000002B40F01B819DF887200593FEF753BFED
:1071D000DBB22A460B9193E40B9B069A1B681A803C
:1071E000FFF788B8DBB22A460B91FFF761B8099C1C
:1071F0002CAA2146584600F0FDFAA38903F040036B
:10720000FEF766BE3046F9F79BFA0146FEF7C0BFAF
:10721000591C5846FEF792FA0646002800F0DB8219
:107220000A9014E709992CAA584600F0E3FA0028BE
:107230007FF4E6A92E9D2FACFFF7D2BA09992CAAAC
:10724000584600F0D7FA00287FF4DAA9DDE92D3599
:1072500023992FAAAAE606230A90059300E4059B2A
:10726000022103F101082AAB019325AB00939DEDA8
:107270001E0B23AB4246584600F08AFD0C9B23F0C0
:107280002007462F064600EB080518BF452705D105
:107290003378302B00F03C81239B1D44DDE91E0137
:1072A00000220023F9F720FD002840F059812A9B95
:1072B000AB4206D230215A1C2A9219702A9B9D4259
:1072C000F9D8239A0D929B1B472F0E933FF416AFCC
:1072D000462F00F02B810D9B013B1BE723A89DED62
:1072E0001E0B00F04BFC00224FF07F5351EC100BB3
:1072F000F9F792FA02460B46CDE902230022002359
:10730000F9F7F2FC08B101232393059B404A0C983E
:10731000CDF820A0591E3F4B0D96612808BF1A4694
:107320003746A0460592DDE902458A46164609E041
:10733000002200230AF1FF39F9F7D6FC002840F0BB
:10734000BB81CA46344B002220462946F9F764FA2D
:107350000D460446F9F710FD8146F9F783F8024619
:107360000B4620462946F8F72FFF16F80930BAF1E8
:10737000FF3F3A46044607F8013B0D46D8D1CDE918
:107380000245264BDDF820A00D9E44469046002283
:107390004D46F9F7D1FC002800F0FF81059BCDF8A0
:1073A000A880D97B17F8012C91423B4609D13020A7
:1073B00003F8010C2A9B5A1E2A9213F8012C9142C1
:1073C000F6D0392A0BBF059A0132927AD2B203F86D
:1073D000012C3B469B1B0C9A0E93239B0D93612A19
:1073E00003F1FF33239300F0B381412150220C912C
:1073F000012193E6DDF81480032134E72D220023D8
:107400008DF887200593FEF739BE00BFCDCCCCCCDC
:10741000BCB00008A8B00008000030400000E03F09
:10742000DDE90D23934200F3C480049B13F0010FA8
:107430000D9B00F00F81149A13440893049B5F0581
:1074400003D50D9B002B00F34781089B23EAE373D0
:10745000029367230C930023CDF8109012930F939F
:10746000ADE601F100431F932D231E901393FFF708
:1074700005BB2CAA2946584600F0BCF900287FF429
:10748000BFA89AF800002E992FAA044408E409998D
:107490002CAA584600F0AEF900287FF4B1A82E9D22
:1074A0002FACFFF794B978238DF88930049B43F013
:1074B0000203049330238DF88830059B632B00F37F
:1074C0008E8000230A933FAEFFF7CABA09992CAA0F
:1074D000584600F08FF900287FF492A8239B2E9D38
:1074E0002FACFFF78DB95823DEE7059B4727C5185A
:1074F000D4E609992CAA584600F07CF900287FF4BC
:107500007FA8239E0E9B2E9D9E1B2FACFFF78DB94F
:10751000DDE91E0100220023F9F7E6FB002800F058
:107520001981239B0D931D44AB1B0E93049B0D9956
:10753000059A03F00103002943EA020340F31A818C
:10754000002B40F0F2800D9B089366230C93049B64
:107550005B0500F1C380089B23EAE37302937AE79B
:10756000239A0D922B46AEE6002282460592FEF744
:10757000FDBB4F421031DFF87892B8BF102404DB16
:1075800021E00832103F102F1DDD01331035072B8D
:10759000C2E90094CDE92D35F3DD09992CAA5846AE
:1075A00000F028F900287FF42BA8DDE92D352FAA5B
:1075B000E8E70E9B149A9A180D9B0892002B71DD38
:1075C00067230C93C3E701333D44072BCDE92D35E9
:1075D000C2F80090576000F3AF800832E9E4591C0C
:1075E0005846FEF7ABF8064610B10A90FFF738BAD6
:1075F000099A938943F0400393814FF0FF33069338
:10760000FEF769BC002934D130228DF89A200DF1A3
:107610009B02303302F8013B26ABD31A1893B5E531
:10762000059B002B7FF41BAA059B0A93012305935E
:10763000FFF716BA099BB3F90C3000220A9243F007
:107640004003099A9381FEF7DBBF049BDB077FF5BC
:10765000A8ADA2E50893F1E6059B02930893732376
:107660009DF887200B97059012900F900C93FEF7D2
:1076700002BD0DF19A02CCE7119B5A4E002B049BE0
:10768000A8BF9DF8872023F08003B8BF2D22049364
:10769000B8BF8DF88720544BFEF7E0BC059B029FD6
:1076A0000893CBE4C3F101031A4422EAE273029384
:1076B000672308920C93CEE651460029DDF820A0FE
:1076C0000D9E4446FFF685AE4B1C3B44302207F826
:1076D000012B9F42FBD17DE667230C9317990B7812
:1076E000FF2B74D000250D9A284603E001300131AC
:1076F000FF2B08D0934206DAD21A4B78002BF5D133
:107700000B780135F4E717910D920F901295129AAC
:107710000F9B1C99CDF810901344089A01FB03238A
:10772000089323EAE373029349E5149B1A44531820
:10773000089366230C930AE709992CAA584600F08F
:1077400059F800287EF45CAFDDE92D352FAA30E42E
:1077500070224DE6C8F1010323939EE50B9A9AF837
:10776000013052F8041B0B9241EAE1718246059107
:10777000FEF7FABA2BB90123662202930C92089302
:1077800069E6149B03F10108059B4344089323EA2F
:10779000E373029366230C935DE6DDE90201134B6C
:1077A0000022F9F7A1FA00283FF413AEE8077FF5AD
:1077B00010AEF3E502231893E8E4099BB3F90C300B
:1077C00043F040033DE70C23CBF8003015E70023DE
:1077D00012930F939BE7099B0A90B3F90C3043F087
:1077E00040032EE7A4B00008A0B000080000E03F6E
:1077F00060B200082DE9F843154692682C68FAB18A
:1078000080468946083401E00834CFB16B68591EC0
:10781000002B1746696013DD54F8046C002EF3D07A
:10782000334654F8082C4946404601F00DFE431CEF
:1078300007D0AA68921B1746AA600834002FE5D12A
:1078400000200023C5E90133BDE8F88370B50029A5
:107850003FD006460C4610B1436B002B3CD0636E04
:10786000B4F90C20DD0732D4900538D521463046D6
:1078700000F04CF8E36A054633B1E16930469847B9
:107880000028B8BF4FF0FF35A3891A0639D4216B01
:1078900041B104F14003994202D03046FDF752FE57
:1078A00000232363616C21B13046FDF74BFE0023BA
:1078B0006364FDF737FC636E0022DB07A2811CD5F1
:1078C000A06DFDF7CDFDFDF733FC284670BD002A05
:1078D000CCD10025284670BDFDF706FCBFE7A06DA2
:1078E000FDF7C0FDB4F90C30002BBFD1636ED90792
:1078F000EFD4A06DFDF7B8FDEBE7A06DFDF7B4FD8B
:10790000DEE721693046FDF71DFEC0E7B1F90C2026
:107910002DE9F04116070C4680464ED4496842F4E2
:1079200000630029A38163DDA56A002D42D00021F8
:1079300012F48052D8F80060C8F80010E16964D1F0
:1079400001234046A847451C02466ED0B4F90C30CE
:10795000A56AE169580705D56368D21A236B0BB194
:10796000E36BD21A00234046A847431C4FD1D8F8F6
:107970000010B4F90C301D2940D8314ACA40D7074D
:107980003CD52269226023F40062A281DD044FF01D
:107990000002626001D5002945D0216BC8F8006063
:1079A00041B104F14003994202D04046FDF7CAFDBF
:1079B000002323630020BDE8F0810E69002EF9D07A
:1079C0000D680E6092070CBF4B690023AD1B8B60E6
:1079D0000BE02B463246E169676A4046B847B0F192
:1079E000000CA5EB0C05664406DD002DF1DCE1E79B
:1079F000E16B002998DCDDE7B4F90C3043F040037B
:107A0000A3814FF0FF30BDE8F081226DA2E7B4F909
:107A10000C302269226023F40062A281DB044FF063
:107A200000026260B9D52065B7E7D8F80030002BB6
:107A30008CD01D2B01D0162BDED1C8F80060B9E721
:107A40000100402038B50C46054608B1436B03B32E
:107A5000B4F90C0088B1636EDB0701D481050FD542
:107A600028462146FFF752FF636EDA07054602D427
:107A7000A3899B0508D5284638BD0546284638BD4C
:107A8000A06DFDF7EFFCEBE7A06DFDF7EDFC2846E0
:107A900038BDFDF729FBDBE740EA01039B0710B582
:107AA00001D1032A17D8844601F1FF3E07E01EF8F2
:107AB000011F03F8011B541E29B19C462246634650
:107AC000002AF4D110BD9444002CFBD003F8011B14
:107AD0006345FBD110BD8E468446DEF80040A4F11C
:107AE000013323EA040313F0803F71460EF1040EC4
:107AF000DAD1043A032A4CF8044BEED87146D3E7A6
:107B0000014B93F828017047780500200048704722
:107B10006806002038B5074D0022044608462A6052
:107B2000F9F7F8FC431C00D038BD2B68002BFBD0C4
:107B3000236038BD184E002038B5074D074C2C1B6C
:107B4000A41005D0013C55F8043D9847002CF9D10C
:107B5000BDE8384003F042BAB8B40008B4B4000835
:107B6000082802D14FF48050704708B5FDF748FC53
:107B7000162303604FF0FF3008BD00BF70B555EC11
:107B8000104B0646134825F0004300218342316024
:107B90001DD8204618431AD00F4828402A4658B905
:107BA0000E4B002220462946F8F736FE0A4621F001
:107BB000004304466FF035011B156FF31E52A3F20C
:107BC000FE3342F07F550B4445F40015336045EC1D
:107BD000104B70BDFFFFEF7F0000F07F00005043AF
:107BE0002DE9F8431B4D0646286898460F469146F6
:107BF000FDF738FC184B1C681CB3286865681F2DFE
:107C000022DC4EB96B1C0235636044F82570FDF729
:107C10002BFC0020BDE8F88304EB85010123C1F8AB
:107C20008890D4F88821AB401A43022EC4F88821EA
:107C3000C1F80881E6D1D4F88C211A43C4F88C210C
:107C4000E0E7064C1C60D8E7FDF70EFC4FF0FF3074
:107C5000E0E700BF60010020284E0020604E0020B9
:107C60002DE9F04F03690C69A34283B0C0F28A800A
:107C7000013C01F1140500F1140855F8243058F8BE
:107C8000242001339A428E4681464FEA840105EB57
:107C9000840708EB840AB2FBF3F63AD3CDE900156A
:107CA0000022AC46404613465CF8041B05681FFAE8
:107CB00081FB06FB0B22090C4FEA124B06FB01BBB2
:107CC00092B2A9B2891A19441FFA8BF3C3EB21436C
:107CD00003EB154389B241EA0341674540F8041BB1
:107CE0004FEA1B424FEA2343DED2DDE9001558F884
:107CF000013073B9AAF1040AD04504D307E0D04596
:107D000004F1FF3403D25AF80439002BF7D0C9F834
:107D100010407146484601F019FA00282EDB414612
:107D2000002255F8040BD1F800C01FFA80FE1FFA9C
:107D30008CF3A3EB0E031344020CC2EB234202EBC1
:107D40001C429BB243EA0243AF4241F8043B4FEA74
:107D50002242E6D258F8242008EB84036AB9043B97
:107D6000434504D807E0984504F1FF3403D253F8A3
:107D70000429002AF7D0C9F810400136304603B074
:107D8000BDE8F08F002003B0BDE8F08F00000000D8
:107D90002DE9F04F9DB0CDE90A320291816B269D0D
:107DA00004908DED060B57EC106B49B1C26B4A6025
:107DB0000123934004468B6000F066FF0023A36319
:107DC000B7F10009B4BF012300232B60764BBCBF81
:107DD00029F00049CDF81C9033EA090300F0AA808D
:107DE0009DED067B002251EC170B00238DED007BEF
:107DF000F8F77AFF804668B10A9A01231360279B3F
:107E000013B1279A694B1360694B059305981DB010
:107E1000BDE8F08F9DED000B04981AAA1BA901F094
:107E200073FA5FEA1955824640F09A80DDE91A85B7
:107E3000454405F23243202B40F38A83C3F14003CB
:107E400009FA03F905F2124326FA03F349EA03009B
:107E5000F8F7F8FA0123013DA1F1F8711293554B9F
:107E60000022F8F7B1F94AA3D3E90023F8F7D4FCCC
:107E700049A3D3E90023F8F7A9F9064628460F4697
:107E8000F8F7F0FA46A3D3E90023F8F7C5FC024659
:107E90000B4630463946F8F799F906460F46F8F78B
:107EA0006BFF002204460990002330463946F8F75C
:107EB00025FF002840F02283099CA8EB050808F163
:107EC000FF33162C089300F28A813B4B03EBC4036B
:107ED000D3E90023DDE90001F8F710FF002871D095
:107EE000631E099300231193089B002BC0F27D8130
:107EF00000230C93099B002B6ADA099B0C9A0D93C3
:107F0000D21A0C925A4200230993029B1092092B19
:107F100068D8052B40F32183043B02930025029B84
:107F2000023B032B00F23686DFE813F06E046B048D
:107F3000630447040A9AC9F3130942F20F7359EA1A
:107F4000060913601CD1279B002B00F043861B4BB6
:107F500005930833279A059813601DB0BDE8F08F8C
:107F6000DDE90012C2F31303084643F07F51CDF858
:107F70004880A5F2FF35DDF8688041F440116EE7D6
:107F8000279B002B40F0F4830D4B05933EE700BF89
:107F900061436F63A787D23FB3C8608B288AC63F0F
:107FA000FB799F501344D33F0000F07FD9B0000805
:107FB000D8B000080000F83FB8B2000824B10008AB
:107FC00030B10008B8F1000F40F3A38411900C9079
:107FD000DDE908321344089300231093029B0D92AD
:107FE000092B96D90023012502930E954FF0FF3BF4
:107FF0000B93049BCDF84CB00021D963049800F09A
:108000001DFE0590002800F0CE85DDE90432BBF1AD
:108010000E0F9A6300F21881002D00F015810D9962
:10802000002940F34684B34B01F00F0203EBC20377
:10803000C805D3E900894FEA211540F10884AE4B09
:10804000DDE90001D3E90823F8F710FDCDE91401BB
:1080500005F00F0503277DB1A74EE90708D5404677
:108060004946D6E90023F8F7D7FB01378046894611
:108070006D1006F10806F0D142464B46DDE91401C9
:10808000F8F7F4FC80468946119B43B19B4B0022D4
:1080900040464946F8F732FE002840F00B85384646
:1080A000F8F7E0F942464B46F8F7B6FB944B00224E
:1080B000F8F78CF8A1F15073CDE914011593BBF1D9
:1080C000000F00F0A8800D9BCDE918B3494640464B
:1080D000F8F752FE189A874B03EBC20313ED027BAD
:1080E00005468DED167BF8F7BDF90B46024649466D
:1080F0004046F8F769F8059F0E9B30357E1CECB2C0
:10810000804689463546002B00F06C84DDE9162355
:108110007C490020F8F7AAFCDDE91423F8F754F8AD
:108120003C7042464B4604460D46F8F705FE0028D3
:1081300040F0B884CDF850A0CDF858B00027AB4639
:10814000A246189D2AE00137AF4280F2FD846E4BB3
:10815000504659460022F8F75FFB6B4B00228246DF
:108160008B4640464946F8F757FB89468046F8F764
:1081700003FE0446F8F776F902460B4640464946A8
:10818000F8F722F8303406F8014B52465B46804639
:108190008946F8F7B3FD002840F0D38442464B46A9
:1081A00056490020F8F710F852465B46F8F7A6FD4E
:1081B0000028C8D0199BDDF850A0059A374603F176
:1081C000010802E0974200F09B843E4617F8013D0B
:1081D000392BF7D00133DBB23B7045467DE10123FB
:1081E0001193089B002BBFF683AEC8F101030C93DB
:1081F000002308937EE63846F8F734F942464B46AA
:10820000F8F70AFB3E4B0022F7F7E0FFA1F15073AD
:10821000CDE9140115933D4B002240464946F7F73E
:10822000D3FFDDE9144522462B4606460F46F8F7F4
:1082300083FD002840F0738430463946224605F11C
:108240000043F8F75BFD28BB1B9B002BC0F290801E
:108250000D9A0E2A00F38C80264B0D9A03EBC20375
:1082600093ED007B0B9B002B8DED027B19DABBF1AC
:10827000000F16DC0ED1254B0022DDE90201F8F7D4
:10828000CBFA02460B46DDE90001F8F741FD002874
:1082900000F045840023059E00931F460B9BDD43A1
:1082A0002DE2059B5D1CDDE90278DDE900013A461F
:1082B0004346F8F7DBFBF8F75FFD0646F8F7D2F820
:1082C0003A464346F8F7A8FA02460B46DDE90001B4
:1082D000F7F77AFF059A06F13003BBF1010F2F463D
:1082E000137000F021830125CDF800A0A846DDE938
:1082F000029A2BE0B8B2000890B200080000F03FEC
:1083000000001C400000E03F00002440000014403A
:108310004A46534620462946F8F7A8FBF8F72CFDB5
:108320000646F8F79FF84A465346F8F775FA08F1FB
:1083300001080B46024629462046F7F745FF06F19D
:108340003003D84507F8013B00F0EC82844B002253
:10835000F8F762FA0022002304460D46F8F7C4FC41
:108360000028D5D00D9DDDF800A001353E46B4E0D3
:108370000E9A002A40F0D8800023109E0C9D0E9388
:108380001F4665B1089A002A09DD0C99AA421346D6
:10839000A8BF2B46C91AED1AD31A0C910893109B4B
:1083A00053B10E9B13B1002E40F0F7825146109A44
:1083B000049800F0F9FD82460498012100F010FDB8
:1083C000099B0090002B40F0BE81029B012B40F3E3
:1083D000D4810120089A104410F01F0000F09B8007
:1083E000C0F12003042B40F3E3810C9BC0F11C007F
:1083F000034402440C93054408920C9B002B05DDBA
:10840000514604981A4600F029FE8246089B002B2C
:1084100005DD009904981A4600F020FE0090119B9B
:10842000002B40F07581BBF1000F40F34C810E9B97
:10843000002B40F0A4800D9D0135DDF81480009CD8
:10844000DDF81090012607E0514600230A22484635
:1084500000F024FC0136824621465046FFF700FC1E
:10846000B34500F1300008F8010BEDDCBBF1000F63
:10847000059BCCBF5E460126814603EB060B00241C
:1084800051460122049800F0E9FD0099824600F06F
:108490005DFE002840F3EE81059A02E0934500F06E
:1084A00003825E460BF1FF3B16F8013C392BF5D0F9
:1084B00001338BF80030DDF810800099404600F061
:1084C000E3FB57B12CB1BC4203D02146404600F03B
:1084D000DBFB0498394600F0D7FB0498514600F0C6
:1084E000D3FB002333700A9B1D60279B002B3FF4B6
:1084F0008DAC05981E601DB0BDE8F08F2046F7F7E3
:10850000B1FF32463B46F8F7EFFB00287FF4D4ACCE
:10851000631E0993D0E41C230C9A1A440C92089A07
:108520001A441D44089268E7029A012A40F3AD817B
:10853000109B0BF1FF36B342C0F26981BBF1000F13
:10854000A3EB060680F2EF820C9BA3EB0B056CE11C
:10855000C3F1200306FA03F07AE40125DFE400BF4B
:10856000000024403946002304980A2200F096FBBC
:10857000139B002B074640F3FF820D969B46002D70
:1085800005DD394604982A4600F068FD0746099B38
:10859000002B40F0E681B846059E731E03EB0B04EA
:1085A000069B03F00103CDE90B43049C0099504660
:1085B000FFF756FB39468346504600F0C7FD009949
:1085C00005464246204600F0E3FDC3680BF1300942
:1085D0000146ABBB0990504600F0B8FD09990890E0
:1085E000204600F051FB089A002A54D1029B1BB987
:1085F0000C9B002B00F0AE82002D3FDB0B9BB346A3
:108600009E420BF8019B00F0C381514600230A22D1
:10861000204600F043FB4745824639464FF00003B1
:108620004FF00A02204630D000F038FB41460746A2
:1086300000230A22204600F031FB5E468046B5E763
:10864000049800F021FB002D06DB069B03F00102DD
:10865000029B1D432A4329D151460122049800F070
:10866000FDFC0099824600F071FD002840F3F68081
:10867000B9F1390F00F049820BF131090D9D06F86F
:10868000019B3C460135474615E700F007FB5E4677
:10869000074680468AE7002DC0F29382029B1D4365
:1086A0000C9B1D4300F08D82002AA7DDB9F1390F24
:1086B00000F02B820D9D09F101033C4606F8013BB9
:1086C00001354746F7E6029B022B7FF7B0AEBBF1C0
:1086D000000F40F02581009904985B46052200F0C8
:1086E000DDFA01460090504600F030FD002840F3CE
:1086F0001781059E0D9D312306F8013B0135009938
:10870000049800F0C1FA0135002F7FF4E2AEE4E6F0
:108710000099504600F01AFD0028BFF684AE51467D
:10872000002304980D9C0A2200F0B8FA0E9B661EE6
:108730008246002B7FF416AF139B002B40F311826F
:108740000D9D9B4679E601461A46049800F02CFCE4
:10875000029B0090012B6EDD00230993009A1369A0
:1087600002EB8303186900F0E9FAC0F1200031E65A
:10877000984B05930333FFF7EDBB069B002B7FF46B
:1087800028AEDDE90612C2F31303002B7FF421AEFD
:10879000914B134033B10C9B01330C93089B013375
:1087A00008930123099A0993002A3FF412AED5E7F2
:1087B0003FF423AEC0F13C03AEE601230E930B9BC6
:1087C0000D9A134403F1010B5E46012E1393B8BFBB
:1087D0000126172E40F3F981012204235B0003F1E7
:1087E0001400B042114602F10102F7D9049BD9638B
:1087F00004E401230E930B9E002E36DD1396B34640
:10880000E7E700230E93DAE700230E93F3E7109BCC
:10881000099A1096F31A1A44089B09925B4408932C
:108820000C9B1D465B440C9300260498012100F02C
:10883000D7FA0746A5E5069B002B8DD1DDE9060199
:10884000C1F313030A46002BA2D0099086E79DEDE1
:10885000007B02278DED147BFFF7FDBB7FF40EAF8D
:1088600019F0010F7FF404AF08E701230B939B4637
:10887000FFF7BFBB03D119F0010F7FF40DAE5E46C9
:108880001BF8013D302BFAD015E6129A002A00F0B1
:108890009C8003F23343089A109E1A4408920C9A63
:1088A00015461A440C92C0E7059A3123013513701E
:1088B00001E600F0FA800D9A484B554205F00F0290
:1088C00003EBC203D3E90023DDE90001F7F7A4FFBE
:1088D0002D11CDE9140100F05881414E00230227EB
:1088E00080468946EA0709D5D6E90023404649462D
:1088F000F7F792FF01378046894601236D1006F194
:108900000806EFD1002B7FF4BFABDDE91489FFF738
:10891000BBBBC8F1010308900C931190FFF758BB43
:10892000059EBBE4DDF800A002460B46F7F74EFCBF
:108930000D9DCDE90001013502460B46DDE902013E
:10894000A846F8F7DBF940B9DDE90023DDE90201CB
:10895000F8F7CAF918B1F30701D5059A35E43E4690
:10896000BBE57968049800F069F90546002800F035
:1089700021813B6902339A0007F10C010C30F7F7B3
:10898000F5FD04982946012200F068FB804603E6C5
:108990000D9D3C460135474672E5049C39463246FA
:1089A000204600F001FB524601460746204600F0F3
:1089B00045FA51468046204600F066F9109B9B1B05
:1089C000C24610933FF4F8ACF0E41A9BC3F13603AF
:1089D00061E700BF30B100080000F07FB8B20008C6
:1089E00090B20008DDE91623DDE91401F7F714FF62
:1089F000059B1C70189B012BCDE90E0100F0C38074
:108A0000189F059B12961F447A4B00224046494608
:108A1000F7F702FF0D460446F8F7AEF98146F7F77F
:108A200021FD09F1300902460B4620462946F7F799
:108A3000CBFB06F8019BBE4280468946E4D1129DDD
:108A40006D4B0022DDE90E01F7F7C0FB02460B4635
:108A500040464946F8F770F900286CD1DDE90E234D
:108A600065490020F7F7B0FB02460B4640464946F1
:108A7000F8F744F980B91B9B002BFFF67DAC0D9BEA
:108A80000E2B3FF779AC5D4B0D9A03EBC20393EDD0
:108A9000007B8DED027B06E43E46013F16F8013C6B
:108AA000302BF9D0199D013517E5DDE90089022742
:108AB000FFF7EABABBF1000F3FF49DAB139C002C0B
:108AC0007FF7C2AB0D9B013B0022404649461993FC
:108AD000484BF7F7A1FE80468946781CF7F7C2FCA1
:108AE00042464B46F7F798FE454B0022F7F76EFBE0
:108AF000A1F15073CDE9140118941593FFF7E6BA6C
:108B000008F101083123FFF767BB0D9D059AB346B5
:108B100039233C460BF8013B01354746C1E40023AD
:108B200000931F46E5E5089B5B4408930C9B1D469C
:108B30005B440C9379E6199B059A03F10108FFF752
:108B400044BBDDF850A0ADE7DDF850A0DDF858B02B
:108B5000FFF77ABBB9F1390FD7D0002D3FF78CADB5
:108B60008CE5029B022B03DC0D9DDDF84CB064E428
:108B7000DDF84CB00D96AAE5029B022BF8DCDDF87F
:108B80004CB00D96FBE437465AE7DDE9148902271D
:108B9000FFF77ABA049B0025DD632946184600F0EA
:108BA0004DF80590D0B9174B1748002240F2AF118D
:108BB00000F02AFD134B14482A4640F2EF2100F042
:108BC00023FD002A3FF748AD58E5049B0021D963F7
:108BD000FFF714BA0D4B0593FFF718B9DDE904321E
:108BE0009A634FF0FF3301220B9513930E929B462D
:108BF000FFF72ABB000024400000E03FB8B20008A5
:108C000000001C4034B1000848B1000824B100083D
:108C100082B049B15AB16BB113780B601278101E53
:108C200018BF012002B0704701A9002AF3D11046F5
:108C300002B070476FF00100F4E700BF436C70B5FD
:108C400005460C464BB153F8240080B1026843F846
:108C500024200023C0E9033370BD2122042100F049
:108C6000F3FC034668640028EDD1002070BD0121AB
:108C700001FA04F6721D9200284600F0E5FC002877
:108C8000F3D0C0E90146E4E731B1436C4A6853F8D8
:108C90002200086043F82210704700BF2DE9F04120
:108CA0000D6907460E461C4601F1140E0020DEF841
:108CB00000108BB202FB03434FEA134C090C02FB7A
:108CC00001CC01309BB203EB0C4385424EF8043BD0
:108CD0004FEA1C44EBDC3CB1B368AB4207DD06EB6A
:108CE000850301355C6135613046BDE8F08171680E
:108CF00038460131FFF7A2FF8046A8B1326902323F
:108D000006F10C0192000C30F7F730FC7B6C7268B6
:108D100053F82210316043F82260464606EB850383
:108D200001355C613561DFE7024B03484246BA21F9
:108D300000F06AFC34B10008A4B10008B0F5803F2F
:108D4000034636BF030400201020B3F1807F3CBFF0
:108D50001B020830B3F1805F3CBF1B010430B3F14C
:108D6000804F03D3002B06DB013070479B0003D4F8
:108D70005B0003D4202070470230704703307047F7
:108D8000036813F00702014607D0DA071FD49807DB
:108D900021D55B080B600120704798B2A0B1104646
:108DA000DAB20AB908301B0A1A0704BF1B090430DB
:108DB0009A0704BF9B080230DA0703D45B0800F16E
:108DC000010006D00B6070471B0C1020E8E7002064
:108DD0007047202070479B080B600220704700BF3F
:108DE00038B5436C04460D464BB15868B0B10268C3
:108DF0005A6000220123C0E90323456138BD2122C6
:108E0000042100F021FC034660640028EDD1094BE9
:108E10000948002240F2451100F0F6FB1C22012116
:108E2000204600F011FC0028F1D001220223C0E905
:108E30000123DEE734B10008A4B100082DE9F04FAA
:108E4000D1F810801569A84585B00E46924605DB1D
:108E50002A46534645468A4690461E46DAF808306A
:108E6000DAF8041005EB0804A342B8BF0131FFF79C
:108E7000E5FE8446002800F08B8000F1140707EB24
:108E8000840E774505D23B46002243F8042B9E45CD
:108E9000FBD8143606EB88080AF11409464509EB9D
:108EA000850566D2A5EB0A03153B23F003030AF1FF
:108EB000150A043355452CBF9B464FF0040BCDF8E3
:108EC00008E00394AE46E24605E0090C2AD1B0451D
:108ED00007F104074AD956F8041B8DB2002DF4D0CF
:108EE000CC463C46002301965CF8040B216886B210
:108EF0008AB2000C05FB0622090C1A4405FB00117E
:108F000001EB124192B242EA0142E64544F8042BD9
:108F10004FEA1143E8D8019E47F80B3056F8041C7D
:108F2000090CD4D03B68002248461D463C46944676
:108F3000028801FB02C202EB15429BB243EA0243E4
:108F400044F8043B50F8043B25684FEA134CABB29D
:108F500001FB0C3303EB124370454FEA134CE7D38C
:108F6000B04547F80B3007F10407B4D8DDE902E457
:108F7000D446002C02DC05E0013C03D05EF8043D41
:108F8000002BF9D06046CCF8104005B0BDE8F08F5A
:108F9000034B044862464FF4B17100F035FB00BF4B
:108FA00034B10008A4B1000812F003032DE9F04128
:108FB000144607462CD10D46A4101CD03E6C86B337
:108FC000E3074FF0000806D4641014D03068A8B14D
:108FD0000646E307F8D5324629463846FFF72EFF06
:108FE00035B17B6C696853F821202A6043F8215021
:108FF00064100546EAD12846BDE8F0813246314684
:109000003846FFF71BFF3060C0F800800646E0E7F7
:10901000013B0F4A52F823200023FFF73FFE05468D
:10902000CAE701213846FFF709FE064640B1012391
:1090300040F27122C0E90432002338640360BFE7C4
:10904000044B0548324640F2451100F0DDFA00BFFE
:1090500080B2000834B10008A4B100082DE9F0473F
:109060000C4690462769A368496807EB62177D1C88
:109070009D4206464FEA621904DD5B009D4201F104
:109080000101FADC3046FFF7D9FD8446002851D0B3
:10909000B9F1000F00F114000EDD09F105024FEAED
:1090A000820E03460CEB8202002143F8041B93421C
:1090B000FBD1AEF114031844216904F1140318F034
:1090C0001F0803EB81012DD0C8F1200986464FF01F
:1090D000000A1A6802FA08F242EA0A024EF8042B61
:1090E00053F8042B994222FA09FAF2D80B1B153BCC
:1090F00023F00303043304F11502914238BF042323
:1091000040F803A0BAF1000F00D13D46736C6268CD
:10911000CCF8105053F822102160604643F82240EA
:10912000BDE8F087043853F8042B40F8042F994227
:10913000F9D8EAE7034B044862464FF4EF7100F0B8
:1091400063FA00BF34B10008A4B100080B6984467B
:109150000069C01A16D10CF1140C14310CEB830207
:1091600010B401EB830301E0944508D252F8044D9A
:1091700053F8041D8C42F7D005D24FF0FF305DF854
:10918000044B7047704701205DF8044B704700BFE7
:109190002DE9F04F15460A692B69D21A002A83B0CF
:1091A000884640F0878001F1140605F1140101EBB7
:1091B000830106EB830301E09E427ED253F8044D07
:1091C00051F8042D9442F7D075D32B460024454620
:1091D00098466968FFF732FD8146002800F08980D3
:1091E0002E69C460D8F8100005F1140B08F1140EB4
:1091F00009F1140A05F110020EEB80000BEB860159
:1092000057464FF0000CCDF804B05EF8044B52F80E
:10921000045F1FFA84FBABB2A3EB0B03240C634483
:10922000C4EB154404EB23449BB243EA044370456A
:1092300047F8043B4FEA244CE7D8A0EB080208F1BA
:1092400015084045A2F1150234BF00200120920804
:109250000028DDF804B002F101044FEA840408BFDD
:1092600004240BEB0405A942544433D9274628466D
:1092700050F8043B1CFA83FE1A0C634402EB2E42A6
:109280009BB243EA0243814247F8043B4FEA224C37
:10929000EED80139491B21F003010C4423B954F8DD
:1092A000043D013E002BFAD04846C9F8106003B0D7
:1092B000BDE8F08F89DA01248BE70021FFF7BEFCBF
:1092C000814678B101220023C0E90423484603B057
:1092D000BDE8F08F00284FEA820208BF00220AEBA7
:1092E0000204DBE7064B07484A4640F2372100F00C
:1092F0008BF9034B03484A4640F2452100F084F9BC
:1093000034B10008A4B100082DE9F0430E4683B043
:10931000012159EC108B1546FFF790FC04460028FC
:1093200046D0C9F30A57C9F313030FB143F48013AE
:109330000193B8F1000313D101A8FFF721FD019BB0
:1093400063610122203022610FB3A7F23347074443
:10935000C0F1350037602860204603B0BDE8F083D7
:1093600068460093FFF70CFD019BF8B10099C0F12E
:10937000200203FA02F2C3400A430193002B626108
:109380000CBF01220222A3612261002FDDD104EB78
:109390008203A0F2324030601869FFF7CFFCC0EBC7
:1093A00042102860204603B0BDE8F083009AE5E74C
:1093B000034B0448224640F20F3100F025F900BF6C
:1093C00034B10008A4B1000849B1FF2A02D80A70DC
:1093D000012070478A2303604FF0FF307047084632
:1093E000704700BF70B5054684B05BB11C460F4B9B
:1093F000D3F8E060234669B12846B047431C0FD03C
:1094000004B070BD094B00F58274D3F8E0602346C8
:109410000029F1D10A46284601A9B047431CEFD1E3
:1094200000228A2322602B6004B070BD78050020E2
:1094300010B582B0049CCDE900344FF0FF3300F04A
:1094400059FB02B010BD00BF2DE9F0478F681D46E3
:10945000AF420B680C46164636D8B1F90CC01CF466
:10946000906F0ED13D46184631462A4600F04CF822
:10947000A368DF1B2368A7602B4400202360BDE89E
:10948000F0874A69096902EB42025F1A02EBD27265
:109490006B1C52103B44934292BF914699461A4628
:1094A0001CF4806F804611D01146FCF747F98246C4
:1094B00000B321693A46F7F759F8A38923F490637A
:1094C00043F08003A38105E02F46CCE700F0F2F8DB
:1094D000824658B10AEB0703A9EB0707A760C4F857
:1094E00010A0C4F8149023602F46BCE721694046C1
:1094F000FCF728F8A3890C2243F04003C8F80020A9
:109500004FF0FF30A381BAE788420ED98B1883420F
:109510000BD900EB020C002A6ED0624613F801CD85
:1095200002F801CD9942F9D170470F2A0FD80346AE
:1095300002F1FF3C002A5FD00CF1010C013B8C448E
:1095400011F8012B03F8012F6145F9D1704740EA6A
:1095500001039B0751D1A2F1100370B501F1200C5A
:1095600023F00F0501F1100E00F11004AC441B09AB
:109570005EF8105C44F8105C5EF80C5C44F80C5C1F
:109580005EF8085C44F8085C5EF8045C44F8045C2F
:109590000EF1100EE64504F11004E9D1013312F08A
:1095A0000C0F01EB031102F00F0400EB031328D0A2
:1095B000043C24F003064FEA940C1E441C1F8E4604
:1095C0005EF8045B44F8045FB442F9D10CF1010485
:1095D00002F0030203EB840301EB840102F1FF3C80
:1095E0004AB10CF1010C013B8C4411F8012B03F83A
:1095F000012F6145F9D170BD704702F1FF3C034670
:109600009AE72246EAE700BF00B50B4C25681446EE
:10961000EE681A4685B003460D464CB107490095E1
:10962000CDE901143046064900F076FA01F0EEFB70
:1096300004490C46F3E700BF1C00002000B20008FC
:1096400010B200088CB0000838B5A1FB021454BB5E
:10965000FCF774F8054650B350F8042C22F00302CE
:10966000043A242A10D8132A13D91B2AC0E900442B
:1096700016D9242AC0E902440ABFC0E9044400F113
:10968000100200F1180205E02146FBF7DDFD284637
:1096900038BD02460023C2E900339360284638BD36
:1096A00000F10802F6E7FBF7ABFE0C230360002590
:1096B000284638BD2DE9F84F1646002900F096805F
:1096C0000C46804606F10B05FCF7EAFA54F8041C38
:1096D000162DA4F1080921F0030758D81025AE4231
:1096E00058D8AF4260DABE4B9A6809EB070C624566
:1096F000DCF8040000F0908020F0010363445B6814
:10970000DB0768D420F003003B189D4247DDCB0700
:1097100012D454F8083CA9EB030BDBF8043023F017
:109720000302104400EB070A554540F3F68007EBAF
:10973000020A554540F3CC8031464046FBF7FEFF18
:109740000646002800F0208154F8043C23F0010371
:109750004B44A0F10802934200F0B4803A1F242A3F
:1097600000F2D780132A00F2A28003462246116835
:1097700019605168596092689A6021464046FBF72B
:10978000E1FE4046FCF792FA3046BDE8F88F35F02E
:109790000705A4D50C23C8F80030002618E01F46A2
:1097A000DCE90223D3609A60D9F804307A1B0F2ACF
:1097B00003F0010309EB07001DD83B43C9F804304F
:1097C000436843F0010343604046FCF76FFA2646C6
:1097D0003046BDE8F88FC907AED454F8083CA9EB71
:1097E000030BDBF8043023F00302A0E7BDE8F84FD9
:1097F0001146FBF7A3BF09EB05012B4342F0010221
:10980000C9F804304A60436843F0010343600831FB
:109810004046FBF797FED7E720F00300C21905F199
:10982000100C624580F29180CA0785D454F8082C48
:10983000A9EB020BDBF8042022F00302104400EB3A
:10984000070AD4453FF773AF5E46DBF80C1056F8B5
:10985000080F3A1F242AC160886000F2AE80132AE4
:1098600040F2A9802168CBF808106168CBF80C1091
:109870001B2A00F2A88008340BF110022168116045
:1098800061685160A16891600BEB0501AAEB0502CC
:1098900042F0010299604A60DBF8043003F00103F2
:1098A0002B434046CBF80430FCF700FA90E72368DE
:1098B0000360636843601B2A3CD804F1080200F18E
:1098C000080354E750F8043C23F003031F446BE7FC
:1098D0003A1F5E46DBF80C3056F8081F242ACB608E
:1098E000996022D8132A1ED92368CBF80830636800
:1098F000CBF80C301B2A3BD808340BF1100322683C
:109900001A6062685A60A2689A6034465746D9461F
:109910004AE72146FFF7F8FD2FE7DCE902133A1F7B
:10992000CB609960D5E73346E9E721463046FFF73B
:10993000EBFDEAE7A3688360E368C360242A27D0CD
:1099400004F1100200F1100311E709EB0501996021
:10995000531B43F001034B6054F8043C03F0010334
:109960002B43404644F8043CFCF7A0F926462FE779
:10997000A368CBF81030E368CBF81430242A10D059
:1099800010340BF11803BAE74046FCF78FF904E7EF
:10999000236903616169416104F1180200F1180350
:1099A000E5E62369CBF818306369CBF81C3018342E
:1099B0000BF12003A3E7324660E721463046FFF76C
:1099C000A3FD074B60E7A168CBF81010E168CBF866
:1099D0001410242A06D010340BF118024EE700BFF1
:1099E000700100202269CBF818206269CBF81C2096
:1099F00018340BF1200241E72DE9F04F8BB0DDE97F
:109A0000157A86461E46002F5AD0156800295CD06C
:109A1000149B002B69D0741E4EB3043DCDE9015E4A
:109A2000DDF850B004910026039105920BE0039BF2
:109A30000BBB019B1868002836D0DC4557D2013C8F
:109A4000631C664613D0019B029853F8042F0193C0
:109A5000DAF8E0503B4607A9D7E90098A847421C2E
:109A600037D000EB060CDC45E1D9C7E90098304659
:109A70000BB0BDE8F08F00280EDD049B019D18445B
:109A80005A1E07A900F1FF3E11F8013B02F8013F01
:109A90007245F9D101950490059B1A6804321A6049
:109AA000019B18680028C8D10399059A01B110607C
:109AB0000CF1FF36002230463A600BB0BDE8F08F63
:109AC000156800F586770029A2D14FF0FF33149373
:109AD000A1E7DDF808E006468A2100223046CEF8EC
:109AE00000103A600BB0BDE8F08F149EBFE76646E9
:109AF000BDE700BF10B584B0054C069800900798EC
:109B00000190044800680294FFF776FF04B010BD8E
:109B1000780500201C0000200EB410B583B005AB02
:109B2000064C53F8042B01930146206800F008F816
:109B300003B0BDE8104003B0704700BF1C00002018
:109B40002DE9F04FC7B016AFCDE9062183460822B4
:109B5000002138461C460C93FBF776FBBBF1000F47
:109B600004D0DBF83430002B00F02786079B5A6EB8
:109B7000B3F90C30D00702D4990540F10A859E0450
:109B800006D4079943F4005322F400528B814A66AD
:109B9000950400F1C386079AB2F90C30190740F119
:109BA000CB801269002A00F0C78003F01A020A2A4B
:109BB00000F0D18000239E46CDE90FEECDE91B33A6
:109BC000DFF8F8A8CDF838E01DAB1A939946CDF828
:109BD00020E0CDF834E0069DDAF8E440FDF790FF90
:109BE000009703462A4614A95846A047002800F0CB
:109BF000D180C0F2C780149A252A034601D01D44A3
:109C0000EAE7069BEE1A044640F0C88000234FF0B6
:109C1000FF316A788DF84B3009936C1C05910393E2
:109C20000134A2F120035A2B00F2F980DFE813F08F
:109C30006002F700F7005A02F700F700F7006A0029
:109C4000F700F700E801F901F700F3010402F7005B
:109C5000FE015B005B005B005B005B005B005B0088
:109C60005B005B00F700F700F700F700F700F70074
:109C7000F700F700F7009D016A02F700F700F70010
:109C8000F700F700F700F700F700F700F7002002F1
:109C9000F700F700F7007601F7008D02F700F700F4
:109CA000E704F700F700F700F700F700F700F70008
:109CB000F700F700F7009D01C201F700F700F70079
:109CC0008402C2017E00F7000A03F700FB02E404ED
:109CD000DA027E00F70076017C00E104F700F7006D
:109CE0000A05F7007C00A2F13003002114F8012BD3
:109CF00001EB810103EB4101A2F13003092BF5D9FE
:109D000009918EE75846FDF701FF43680F93184607
:109D1000F6F716FD109005465846FDF7F7FE8368E6
:109D20000E93002D40F05684227879E7039B227829
:109D300043F02003039373E7079D5846294601F03B
:109D400003F8002840F01E86B5F90C3003F01A0223
:109D50000A2A7FF42FAF0799B1F90E20002AFFF6E7
:109D600029AF4A6ED60702D49D0540F1CB85DDE9C7
:109D700006212346584600F017FE0890089847B081
:109D8000BDE8F08F082200213846FBF75DFA012379
:109D90001D4421E7069BEE1A044612D0069BC9E932
:109DA00000361C9B33441C931B9B0133072B1B93D6
:109DB00011DC09F10809089B33440893002C7FF457
:109DC00025AF1C9B002B40F0B885079B0022B3F900
:109DD0000C301B9218E007991AAA584600F024FE8E
:109DE00078B90DF17409E6E707991AAA584600F008
:109DF0001BFE00287ED00B9B1BB10B995846FBF72E
:109E0000A1FB079BB3F90C30079A526ED1077CD5A2
:109E10005B0600F18D85089847B0BDE8F08F069489
:109E2000002ACED000238DF84B3001238DF8B420CA
:109E300004930A932DAC00230B930593039810F021
:109E40008408DDE91B2105D10998049D451B002DDF
:109E500000F3D6829DF84B0078B101320120013128
:109E6000C9F80400072A0DF14B00CDE91B21C9F800
:109E7000000000F3FA8209F108097BB1013213A84E
:109E80000231C9F80000072A4FF00200CDE91B217A
:109E9000C9F8040000F3F88209F10809B8F1800F4D
:109EA00000F00C82059B0A981D1A002D00F34A82CF
:109EB0000A9BC9F8004001321944072ACDE91B2149
:109EC000C9F8043000F3798209F10809039B5807A7
:109ED00005D5099B049A9C1A002C00F3E282DDE967
:109EE000083204988242ACBF9B181B1808930029C3
:109EF0007FF47AAF00231B930B9B1BB10B99584641
:109F0000FBF720FB0DF1740965E69A0580D4079CE8
:109F1000A06DFBF7A9FAB4F90C3079E70C9E069412
:109F200056F8044B00238DF84B30002C00F05D8474
:109F3000532A00F0A283039B13F0100540F09D8389
:109F4000059B002BC0F2CD841A4629462046F6F721
:109F5000A7FB0B90002800F00685031BCDE90A350E
:109F600023EAE373049300F09DBC0C9B0694432A00
:109F700003F1040503D0039BD80640F16783082250
:109F8000002118A8FBF760F90C9B2DAC1A6821463C
:109F900018AB5846FFF726FA034601330A9000F043
:109FA000D6840A9B23EAE373049300230C958DF86F
:109FB0004B3040E7039B0694990640F1AC800C9B24
:109FC000073323F0070319465A6851F8083B0C91F0
:109FD0001146002AC0F23F81059A002AC0F248814A
:109FE000039A22F08002039253EA010240F040817A
:109FF000059B002B40F08B8404930A9346AC49E107
:10A000000C9B53F8042B0992002A80F2BA82099A19
:10A010000C9352420992039B227843F0040303936A
:10A02000FEE52B2322788DF84B30F9E5039B22784F
:10A0300043F080030393F3E5204610F8012B2A2A0E
:10A0400000F09584A2F13003092B98BF002100F2A3
:10A05000608410F8012B01EB810103EB4101A2F1B7
:10A060003003092BF5D941EAE17305930446D8E59D
:10A07000039B069443F0100212F0200100F051827D
:10A080000C9B073323F007031846596850F8083B28
:10A090000C9022F480640394059C002084428DF887
:10A0A0004B007CDB53EA010422F4906240F0818390
:10A0B000039C0392059B002B69D1002840F05C8231
:10A0C00014F001020A9200F0608230238DF81731FB
:10A0D0009DF84B3004920DF21714002B40F0DF80F6
:10A0E0000B93E1E0039B227843F00103039397E590
:10A0F0009DF84B302278002B7FF492AD20238DF811
:10A100004B308DE5039B069443F010030393039BB0
:10A1100099063FF554AF0C9A52F8043B0C92039AFF
:10A12000D20600F14382039A560640F13B8243F384
:10A13000C0310A461BB24CE72278039B682A00F024
:10A14000958243F0400303936AE5039B069443F032
:10A15000100414F0200100F0F3810C9B073323F06E
:10A1600007031A46596852F8083B0C9200228DF8F2
:10A170004B20059A002AC0F21E8324F0800203922D
:10A1800053EA010274D1059B0120002B95D00128D0
:10A1900000F0BD8300230228194600F01A8146AC66
:10A1A00003F00702DB0843EA4173C908303253EA7F
:10A1B0000105204604F8012DF2D1039BDD0740F193
:10A1C0001681302A00F013813023059A04F8013CEF
:10A1D000023846AB1B1A9A42B8BF1A460A93044685
:10A1E000049257E0039B0C9A069443F002030393F6
:10A1F00052F8043B0C9247F63002ADF84C20AD4AC1
:10A200000D92002100228DF84B20059A002AC0F201
:10A21000E080039C53EA010024F08002039240F0A6
:10A22000D880022046E7039B06949C0640F1C1813A
:10A230000C9B089A1B681A60D2175A600C9B043357
:10A240000C93C8E42278039B6C2A00F0088243F048
:10A2500010030393E4E42D228DF84B20059A5B4212
:10A2600061EB4101002A03DB039A22F08002039292
:10A270000A2B71F1000280F039823033DBB28DF8A5
:10A280001731059B012BB8BF0123049301230A93C7
:10A290000DF217149DF84B30002B3FF421AF002333
:10A2A0000B93049B01330493039B13F002033FF4CD
:10A2B000C5AD049B023304930223BFE5099B0498B8
:10A2C0001D1A002D7FF7EEAD102DDFF8EC8126DD95
:10A2D00040464B46A046DDF81C901026044604E09C
:10A2E000103D102D03F1080315DD01321031072A4E
:10A2F000C3E90046CDE91B21F2DD1AAA49465846BA
:10A3000000F092FB00287FF476AD103D102DDDE9C2
:10A310001B211DABE9DC9946234644469846013291
:10A320002944072ACDE91B21C9F80080C9F8045047
:10A3300000F34882059B0A981D1A002D09F10809AF
:10A340007FF7B6AD102DDFF8708128DD4B46102663
:10A35000A9462546079C06E0A9F11009B9F1100F9E
:10A3600003F1080318DD013253481031072AC3E90D
:10A370000006CDE91B21EFDD1AAA2146584600F060
:10A3800053FB00287FF437ADA9F11009B9F1100F84
:10A39000DDE91B211DABE6DC2C464D46994601321A
:10A3A0002944072ACDE91B21C9F80080C9F80450C7
:10A3B00000F3D58009F108097AE507991AAA5846E9
:10A3C00000F032FB00287FF416AD1C990DF17409E2
:10A3D0007CE50D9846AC03F00F021B09825C04F883
:10A3E000012D43EA0173090953EA0102F3D1059AE9
:10A3F00046AB1B1B9A42B8BF1A460A93049249E720
:10A40000102D2F4E23DD48461193A146079C04E0F2
:10A41000103D102D00F1080016DD0132103110231F
:10A42000072ACDE91B2106604360F1DD1AAA214607
:10A43000584600F0F9FA00287FF4DDAC103D102DED
:10A44000DDE91B211DA8E8DC119B4C468146013249
:10A450002944072ACDE91B21C9F80060C9F8045036
:10A4600000F3978109F10809F4E4079911931AAAF6
:10A47000584600F0D9FA00287FF4BDACDDE91B2175
:10A48000119B0DF17409F8E407991AAA584600F0D7
:10A49000CBFA00287FF4AFACDDE91B210DF1740984
:10A4A000FCE4102C1B9B064E28DDDDF81C801025DB
:10A4B0000DE000BFA8B0000884B4000878050020B3
:10A4C00094B40008103C102C09F1080916DD013382
:10A4D0001031072BC9E90065CDE91B31F2DD1AAA5D
:10A4E0004146584600F0A0FA00287FF484AC103CA6
:10A4F000102CDDE91B310DF17409E8DC0133214436
:10A50000072BC9E90064CDE91B317FF7E8AC079957
:10A510001AAA584600F088FA00287FF46CAC1C99FF
:10A52000DDE40C9850F8043B0C9012F010007FF41E
:10A53000B0AD12F0400400F062819BB20146A8E584
:10A540000C9A52F8043B0C9214F010027FF40EAEF9
:10A5500014F0400000F059819BB2114606E60799BD
:10A560001AAA584600F060FA00287FF444ACDDE9EE
:10A570001B210DF174099BE4059B04930A9346ACDF
:10A5800088E622780C93FFF74BBB059B049346ACFF
:10A5900080E6079DA86DFAF765FFB5F90C306A6E85
:10A5A000FFF7EDBA039A950500F18781D9170A469E
:10A5B0000FE5039BD80600F11381039B590600F1B8
:10A5C0008B81039B9A0540F10B810C9B089A1B68B9
:10A5D0001A7033E60E9B2278002B3FF421AB1B78D8
:10A5E000002B3FF41DAB039B43F480630393FFF701
:10A5F00017BB0694039CACE5039A06943CE5B24B6A
:10A6000006940D93039B13F020015FD00C9B07333E
:10A6100023F007031846596850F8083B0C90039C38
:10A62000E6070AD553EA010007D08DF84D2044F023
:10A630000202039230228DF84C20039A22F48062A9
:10A640000392DFE5A14B06940D93DBE70C9B1B689F
:10A650008DF8B430012304930A932DACA5E443F0A4
:10A660002003627803930134FFF7DABA43F40073EE
:10A67000627803930134FFF7D3BA0822002118A8A7
:10A680001594FAF7E1FD059B002BC0F2DC80002554
:10A69000CDF81090A84699460EE02DA95846FEF731
:10A6A000A1FE431C404400F05281484509DC05F1FD
:10A6B000040500F054818046159A525918AB002ABF
:10A6C000EBD1DDF81090CDF82880C9E00C9850F857
:10A6D000043B0C90039810F01000A0D1039911F0E6
:10A6E000400400F099809BB2014698E7039ACDF8A8
:10A6F000109046AC02F48062A146CDF828B0744EAA
:10A70000DDF838B04FF0000C144605E00A2B71F16B
:10A71000000136D3434629465A1842F10002A6FBEF
:10A72000020525F0030000EB9500121A981A4FF06D
:10A73000CC3561F1000E05FB00F506FB0E55A0FBC4
:10A740000680054408F0010E0520AEFB000E8018BF
:10A750004FEA5808303009F8010C48EAC5780CF186
:10A76000010C09F1FF396D08002CCFD09BF80020B7
:10A770006245CBD1BCF1FF0FC8D00A2B71F10001AB
:10A7800051D2CDF838B04C46DDF828B0DDF8109045
:10A790002DE6079911931AAA584600F045F90028AA
:10A7A0007FF429ABDDE91B21119B0DF17409FFF743
:10A7B00051BB0392F3E403945AE55846FAF794FC2C
:10A7C000FFF7D4B907991AAA584600F02DF90028C6
:10A7D0007FF411ABDDE91B210DF17409FFF762BBBA
:10A7E0000C9B089A1B681A6028E5059B394C0C964F
:10A7F000062B28BF06230A930493FFF71CBB12F411
:10A8000000711CBFDBB2214643E414F400713FF435
:10A81000ADACDBB20146A9E4039911F400711CBF91
:10A82000DBB22146FBE6109B0F99A9EB03091A4600
:10A830004846FDF731F99BF801300BB10BF1010BE4
:10A840004FF0000C66E718AB00930023194615AAD9
:10A850005846FEF7EDFD034601330A9077D0159474
:10A860000A9BE3B1632B45DC00230B932DAC08223C
:10A87000002118A8FAF7E8FC0A9D18AB009315AA66
:10A880002B4621465846FEF7D3FD854240F0858091
:10A890000A9A0023A35422EAE273049302E00A9B7B
:10A8A00004930B939DF84B301BB100230C9605933A
:10A8B000F7E405930C96FFF7C1BA43F3C0110A46BB
:10A8C0005BB2FFF786BB00BFBCB00008A8B00008B1
:10A8D000CDCCCCCCD0B000080C9B089A1B681A8059
:10A8E000ACE42046F5F72CFF20EAE073CDE90A0539
:10A8F0000493D7E7591C5846FAF720FF044630B3B3
:10A900000B90B4E7886DFAF7AFFDFFF730BA30234C
:10A91000B5E4002304460593FFF783B9D40707D4B1
:10A92000079B9B89980503D4079B986DFAF79CFDBC
:10A930004FF0FF330893FFF76EBA07991AAA5846EB
:10A9400000F072F800283FF440AAFFF75ABA079ABD
:10A95000B2F90C3043F040039381FFF755BADDE9BB
:10A9600004930A937CE7059B04930A939AE70C9B54
:10A97000627853F8041B0C9341EAE1710446059197
:10A98000FFF74EB9079A536EDB07D1D493899F0521
:10A99000CED4906DFAF768FDCAE7079A938943F021
:10A9A00040039381FFF727BAF0B51F468B89ADF2BC
:10A9B0006C4D23F00203ADF80C301AAB00930493F6
:10A9C0004FF48063029305934B6E1993CB89ADF8D6
:10A9D0000E30CB6907934B6A099315460023064650
:10A9E00016A80C460693FAF739FD2A463B466946F7
:10A9F0003046FFF7A5F8051E07DB69463046FDF730
:10AA000021F8002818BF4FF0FF35BDF80C305B0669
:10AA100003D5A38943F04003A3811698FAF720FDDC
:10AA200028460DF26C4DF0BD936810B514461BB965
:10AA300018460023636010BD00F006F80023A360F1
:10AA40000023636010BD00BF9368002B00F0F88006
:10AA50002DE9F04FB1F90CC01CF0080F83B09046FF
:10AA600081460C4631D00B697BB31CF00207D8F845
:10AA7000006038D00027D4F824B0E169DFF8C4A220
:10AA80003D4655452B463A4628BF53464846C5B134
:10AA9000D847002840F3CA80D8F808301B1A07446A
:10AAA0002D1AC8F80830002B00F0B68055452B460B
:10AAB000D4F824B0E16928BF53463A464846002DF1
:10AAC000E6D1D6E900750836DBE72146484600F0B6
:10AAD0003BF9002840F0AF80B4F90CC0D8F8006012
:10AAE0001CF00207C6D11CF0010A63D12368A168DB
:10AAF000574618468B46002F58D01CF4007F00F0B4
:10AB0000B580B9420A4600F2E1801CF4906F2FD064
:10AB1000216962695D1A02EB420202EBD2726B1C80
:10AB200052103B44934292BF93469B461A461CF4F4
:10AB3000806F00F0EA8011464846FAF7FFFD0028D2
:10AB400000F0F9802A4621690090F5F70FFDA289EF
:10AB5000009B22F4906242F08002A2815819ABEB74
:10AB60000505C4F814B02361A5602060BB463A46D1
:10AB700051460092FEF7C8FCA1682368009AA1EB39
:10AB80000B011A443D46A16022600027D8F8083026
:10AB90005B1BAA44C8F80830002B3DD02368A1688D
:10ABA000B4F90CC018468B46002FA6D1D6E900A7F1
:10ABB00008369EE73846BB463D460097002D41D0FB
:10ABC000002846D0009A2068A168D4E90473AA42FC
:10ABD00028BF2A46B84204D901EB030A524500F3C4
:10ABE0008580934275DCE169676A5A464846B847F2
:10ABF000B0F1000A1ADD009BB3EB0A0300930FD0FB
:10AC00000120D8F80830A3EB0A03D344A5EB0A05CA
:10AC1000C8F80830002BD1D1002003B0BDE8F08F78
:10AC200021464846FCF70EFF0028EAD0B4F90C3064
:10AC300043F04003A3814FF0FF3003B0BDE8F08F35
:10AC400000207047756833460836002DFAD0D3F8D7
:10AC500000B02A460A215846F5F722FD002867D0A1
:10AC60000130A0EB0B0300931A46ACE722699A422D
:10AC700014D36269BA4211D86FF00043BB4228BFB7
:10AC80003B46656A93FBF2F3E16902FB03F3484636
:10AC90005246A847051EC9DD7F1B77E7B94228BF8A
:10ACA00039460D4618460A465146FEF72DFCA16866
:10ACB0002368491B2B44A16023600029ECD1214665
:10ACC0004846FCF7BFFE0028E6D0AFE7BB463A4651
:10ACD0004EE759460192FEF717FC019AA3689B1AAA
:10ACE000A360236813442360924684E75946524682
:10ACF000FEF70AFC23685344236021464846FCF7CC
:10AD0000A1FE00283FF477AF90E74846FEF7D2FC5B
:10AD1000034600287FF422AF21694846FAF712FC67
:10AD2000B4F90C300C22C9F8002023F080037FE72F
:10AD30006A1C009247E70C22B4F90C30C9F80020D5
:10AD400076E700BF00FCFF7F38B52F4B1B68054638
:10AD50000C4613B15A6B002A4BD0B4F90C301807CB
:10AD60001CD5226922B313F0010107D061690020CC
:10AD70004942A060A1613AB1002038BD980758BF90
:10AD80006169A160002AF7D1190658BF1046F4D5B1
:10AD900043F04003A3814FF0FF3038BDD9062CD5D6
:10ADA0005A0712D4226943F00803A381002ADAD19A
:10ADB00003F42071B1F5007FD5D02146284600F07C
:10ADC0002DF8B4F90C302269CDE7216B51B104F1B3
:10ADD0004002914204D02846FAF7B4FBB4F90C3093
:10ADE0000022226322690021C4E9002123F0240308
:10ADF000D9E71846FAF778F9AFE7092243F040039C
:10AE00002A60A381C7E700BF1C00002008B5062008
:10AE100000F072F80120F6F74DFB00BF2DE9F0417C
:10AE2000B1F90C300C46990796B008D504F14303EC
:10AE30000122C4E90432236016B0BDE8F081B4F900
:10AE40000E100029064626DB6A4600F081F800282D
:10AE50001FDB019D05F47045A5F50055B5FA85F594
:10AE60004FF480686D094FF4006741463046FAF7A9
:10AE700065FCE8B1B4F90C30C4F8148043F08003E9
:10AE800020602061A3813DBB3B43A38116B0BDE898
:10AE9000F081B4F90C3013F0800519D04FF0400860
:10AEA0000025414630462F46FAF748FC0028E1D1FC
:10AEB000B4F90C309A05BFD423F0030304F1430224
:10AEC00043F002030121C4E90421A3812260B3E716
:10AED0004FF480682F46C8E7B4F90E10304600F0F2
:10AEE0004DF810B9B4F90C30CEE7A38923F0030371
:10AEF00043F001031BB2C7E738B5144B1F281D6888
:10AF00001ED8D5F83821044662B152F820304BB132
:10AF1000012B05D0591C0FD0002142F82010984772
:10AF2000002038BD284600F051F822460146284648
:10AF3000BDE8384000F034B816232B60012038BD3E
:10AF400016232B604FF0FF3038BD00BF1C000020DF
:10AF500070B50C46084D03460026204611461C4697
:10AF60002E60F6F7CEFA431C00D070BD2B68002B84
:10AF7000FBD0236070BD00BF184E002038B5074DD0
:10AF80000022044608462A60F6F7C0FA431C00D0A7
:10AF900038BD2B68002BFBD0236038BD184E002035
:10AFA00070B50C46084D03460026204611461C4647
:10AFB0002E60F6F777FA431C00D070BD2B68002B8B
:10AFC000FBD0236070BD00BF184E0020F6F768BAB2
:10AFD000F8B500BFF8BC08BC9E467047F8B500BF86
:08AFE000F8BC08BC9E46704756
:10AFE80070B00008491000080000000000000000D0
:10AFF8008000000000000000000000006CB00008A5
:10B00800AD460008FDFF00000000000080000000C1
:10B01800000000000000000060B000087146000851
:10B02800FDFF00000000000080000000000000009C
:10B038000000000058B00008ED460008FDFF0000C1
:10B048000000000080000000000000000000000078
:10B058006D6F746F7200000064656275675F70726F
:10B06800696E74006C65640064656661756C74541F
:10B0780061736B0049444C450000000025662C258F
:10B0880066200D0A00000000FFFFFFFFFFFFFF0022
:10B09800494E4600696E66004E414E006E616E0074
:10B0A8003031323334353637383961626364656636
:10B0B80000000000303132333435363738394142F8
:10B0C8004344454600000000286E756C6C2900005A
:10B0D800300000002E0000004C435F434F4C4C41B1
:10B0E800544500004C435F4354595045000000004C
:10B0F8004C435F4D4F4E4554415259004C435F4EAF
:10B10800554D4552494300004C435F54494D450055
:10B118004C435F4D4553534147455300496E66695B
:10B128006E697479000000004E614E0042616C6CDB
:10B138006F63207375636365656465640000000070
:10B148002F646174612F6A656E6B696E732F776FF8
:10B15800726B73706163652F474E552D746F6F6CFA
:10B16800636861696E2F61726D2D31332F7372635D
:10B178002F6E65776C69622D63796777696E2F6EBC
:10B1880065776C69622F6C6962632F7374646C698C
:10B19800622F64746F612E63000000002F64617475
:10B1A800612F6A656E6B696E732F776F726B737040
:10B1B8006163652F474E552D746F6F6C63686169C5
:10B1C8006E2F61726D2D31332F7372632F6E657719
:10B1D8006C69622D63796777696E2F6E65776C6924
:10B1E800622F6C6962632F7374646C69622F6D706F
:10B1F8007265632E630000002C2066756E637469A7
:10B208006F6E3A2000000000617373657274696F95
:10B218006E2022257322206661696C65643A206677
:10B22800696C6520222573222C206C696E652025A7
:10B2380064257325730A000000000000010203045E
:10B2480000000000000000000102030406070809CE
:10B25800000610160006101630303030303030300E
:10B268003030303030303030202020202020202056
:10B2780020202020202020200500000019000000A8
:10B288007D000000000000000080E03779C34143E2
:10B29800176E05B5B5B89346F5F93FE9034F384D34
:10B2A800321D30F94877825A3CBF737FDD4F1575E0
:10B2B800000000000000F03F0000000000002440F3
:10B2C80000000000000059400000000000408F40CE
:10B2D800000000000088C34000000000006AF84039
:10B2E8000000000080842E4100000000D01263415D
:10B2F8000000000084D797410000000065CDCD41D3
:10B30800000000205FA00242000000E876483742B3
:10B31800000000A2941A6D42000040E59C30A24251
:10B328000000901EC4BCD64200003426F56B0C43C6
:10B338000080E03779C3414300A0D885573476436D
:10B3480000C84E676DC1AB43003D9160E458E143CE
:10B35800408CB5781DAF154450EFE2D6E41A4B4443
:10B3680092D54D06CFF08044F64AE1C7022DB54488
:10B37800B49DD9794378EA44002020202020202059
:10B38800202028282828282020202020202020208D
:10B39800202020202020202020881010101010109D
:10B3A80010101010101010101004040404040404E9
:10B3B8000404041010101010101041414141414183
:10B3C8000101010101010101010101010101010165
:10B3D8000101010110101010101042424242424275
:10B3E8000202020202020202020202020202020235
:10B3F80002020202101010102000000000000000DD
:10B408000000000000000000000000000000000034
:10B418000000000000000000000000000000000024
:10B428000000000000000000000000000000000014
:10B438000000000000000000000000000000000004
:10B4480000000000000000000000000000000000F4
:10B4580000000000000000000000000000000000E4
:10B4680000000000000000000000000000000000D4
:10B478000000000000000000000000003030303004
:10B4880030303030303030303030303020202020F4
:0CB4980020202020202020202020202028
:08B4A400C850FF7F0100000009
:08B4AC006D540008310E000888
:04B4B400090E000875
:10B4B8000024F4000100000010000000AAAAAAAAB3
:10B4C8000000000003000000DC4C002020000020E9
:10B4D80000000000DC4C0020444D0020AC4D002052
:10B4E8000000000000000000000000000000000054
:10B4F8000000000000000000000000000000000044
:10B508000000000000000000000000000000000033
:10B518000000000000000000000000000000000023
:10B528000000000000000000000000000000000013
:10B538000000000000000000000000000000000003
:10B5480000000000000000000000000000000000F3
:10B5580000000000000000000000000000000000E3
:10B5680000000000000000000100000000000000D2
:10B578000E33CDAB34126DE6ECDE05000B00000097
:10B5880000000000000000000000000000000000B3
:10B5980000000000000000000000000000000000A3
:10B5A8000000000000000000000000000000000093
:10B5B8000000000000000000000000000000000083
:10B5C8000000000000000000000000000000000073
:10B5D8000000000000000000000000000000000063
:10B5E8000000000000000000000000000000000053
:10B5F8000000000000000000000000000000000043
:10B608000000000000000000000000000000000032
:10B61800204E0020FFFFFFFF000002000000000096
:10B6280000000000000000007001002070010020F0
:10B63800780100207801002080010020800100208E
:10B64800880100208801002090010020900100203E
:10B658009801002098010020A0010020A0010020EE
:10B66800A8010020A8010020B0010020B00100209E
:10B67800B8010020B8010020C0010020C00100204E
:10B68800C8010020C8010020D0010020D0010020FE
:10B69800D8010020D8010020E0010020E0010020AE
:10B6A800E8010020E8010020F0010020F00100205E
:10B6B800F8010020F801002000020020000200200C
:10B6C80008020020080200201002002010020020BA
:10B6D800180200201802002020020020200200206A
:10B6E800280200202802002030020020300200201A
:10B6F80038020020380200204002002040020020CA
:10B708004802002048020020500200205002002079
:10B718005802002058020020600200206002002029
:10B7280068020020680200207002002070020020D9
:10B738007802002078020020800200208002002089
:10B748008802002088020020900200209002002039
:10B758009802002098020020A0020020A0020020E9
:10B76800A8020020A8020020B0020020B002002099
:10B77800B8020020B8020020C0020020C002002049
:10B78800C8020020C8020020D0020020D0020020F9
:10B79800D8020020D8020020E0020020E0020020A9
:10B7A800E8020020E8020020F0020020F002002059
:10B7B800F8020020F8020020000300200003002007
:10B7C80008030020080300201003002010030020B5
:10B7D8001803002018030020200300202003002065
:10B7E8002803002028030020300300203003002015
:10B7F80038030020380300204003002040030020C5
:10B808004803002048030020500300205003002074
:10B818005803002058030020600300206003002024
:10B8280068030020680300207003002070030020D4
:10B838007803002078030020800300208003002084
:10B848008803002088030020900300209003002034
:10B858009803002098030020A0030020A0030020E4
:10B86800A8030020A8030020B0030020B003002094
:10B87800B8030020B8030020C0030020C003002044
:10B88800C8030020C8030020D0030020D0030020F4
:10B89800D8030020D8030020E0030020E0030020A4
:10B8A800E8030020E8030020F0030020F003002054
:10B8B800F8030020F8030020000400200004002002
:10B8C80008040020080400201004002010040020B0
:10B8D8001804002018040020200400202004002060
:10B8E8002804002028040020300400203004002010
:10B8F80038040020380400204004002040040020C0
:10B90800480400204804002050040020500400206F
:10B91800580400205804002060040020600400201F
:10B9280068040020680400207004002070040020CF
:10B93800780400207804002080040020800400207F
:10B94800880400208804002090040020900400202F
:10B958009804002098040020A0040020A0040020DF
:10B96800A8040020A8040020B0040020B00400208F
:10B97800B8040020B8040020C0040020C00400203F
:10B98800C8040020C8040020D0040020D0040020EF
:10B99800D8040020D8040020E0040020E00400209F
:10B9A800E8040020E8040020F0040020F00400204F
:10B9B800F8040020F80400200005002000050020FD
:10B9C80008050020080500201005002010050020AB
:10B9D800180500201805002020050020200500205B
:10B9E800280500202805002030050020300500200B
:10B9F80038050020380500204005002040050020BB
:10BA0800480500204805002050050020500500206A
:10BA1800580500205805002060050020600500201A
:10BA280068050020680500204300000000000000B1
:10BA380000000000000000000000000000000000FE
:10BA480000000000000000004300000000000000AB
:10BA580000000000000000000000000000000000DE
:10BA6800000000000000000043000000000000008B
:10BA780000000000000000000000000000000000BE
:10BA8800000000000000000043000000000000006B
:10BA9800000000000000000000000000000000009E
:10BAA800000000000000000043000000000000004B
:10BAB800000000000000000000000000000000007E
:10BAC800000000000000000043000000000000002B
:10BAD800000000000000000000000000000000005E
:10BAE800000000000000000043000000000000000B
:10BAF800000000000000000000000000000000003E
:10BB08000000000000000000C9930008118C000824
:10BB18000000000080B30008DCB000088CB000080A
:10BB28008CB000088CB000088CB000088CB00008FD
:10BB38008CB000088CB000088CB000088CB00008ED
:10BB4800FFFFFFFFFFFFFFFFFFFFFFFFFFFF0000FB
:10BB58000100415343494900000000000000000073
:10BB680000000000000000000000000000000000CD
:10BB78000000415343494900000000000000000054
:10BB880000000000000000000000000000000000AD
:04BB980000000000A9
:04000005080017C117
:00000001FF
